-- -------------------------------------------------------------
-- TablePlus 26.6.0(730)
--
-- https://tableplus.com/
--
-- Database: orion
-- Generation Time: 2026-06-29 22:05:29.5900
-- -------------------------------------------------------------








DROP TABLE IF EXISTS "public"."order_events";
-- Table Definition
CREATE TABLE "public"."order_events" (
    "id" uuid NOT NULL DEFAULT gen_random_uuid(),
    "order_id" uuid NOT NULL,
    "name" text NOT NULL,
    "payload" jsonb NOT NULL,
    "attempts" int4 NOT NULL DEFAULT 0,
    "next_retry_at" timestamp NOT NULL DEFAULT now(),
    "locked_at" timestamp,
    "locked_by" text,
    "processed_at" timestamp,
    "failed_at" timestamp,
    "dead_letter_at" timestamp,
    "error_message" text,
    "created_at" timestamp NOT NULL DEFAULT now(),
    PRIMARY KEY ("id")
);

DROP TABLE IF EXISTS "public"."order_types";
-- Table Definition
CREATE TABLE "public"."order_types" (
    "id" varchar(20) NOT NULL,
    "name" varchar(50) NOT NULL,
    PRIMARY KEY ("id")
);

DROP TABLE IF EXISTS "public"."orders";
DROP TYPE IF EXISTS "public"."order_status";
CREATE TYPE "public"."order_status" AS ENUM ('pending', 'confirmed', 'preparing', 'out_for_delivery', 'delivered', 'cancelled', 'order_ready');

-- Table Definition
CREATE TABLE "public"."orders" (
    "id" uuid NOT NULL DEFAULT gen_random_uuid(),
    "user_id" uuid NOT NULL,
    "restaurant_id" uuid NOT NULL,
    "status" "public"."order_status" NOT NULL DEFAULT 'pending'::order_status,
    "total" numeric(10,2) NOT NULL DEFAULT 0,
    "created_at" timestamp DEFAULT now(),
    "updated_at" timestamp DEFAULT now(),
    "confirmed_at" timestamp,
    "cancelled_at" timestamp,
    "delivery_address" text,
    "customer_name" varchar(255) NOT NULL DEFAULT ''::character varying,
    "customer_phone" varchar(30) NOT NULL DEFAULT ''::character varying,
    "payment_method" varchar(20) NOT NULL DEFAULT 'pix'::character varying CHECK ((payment_method)::text = ANY (ARRAY[('pix'::character varying)::text, ('dinheiro'::character varying)::text, ('debito'::character varying)::text, ('credito'::character varying)::text])),
    "notes" text,
    "delivery_fee" numeric(10,2) NOT NULL DEFAULT 8.00,
    "delivery_type" varchar(20) NOT NULL DEFAULT 'delivery'::character varying,
    "estimated_delivery_at" timestamp,
    "subtotal" numeric(10,2) NOT NULL DEFAULT 0,
    PRIMARY KEY ("id")
);

DROP TABLE IF EXISTS "public"."order_status_history";

-- Table Definition
CREATE TABLE "public"."order_status_history" (
    "id" uuid NOT NULL DEFAULT gen_random_uuid(),
    "order_id" uuid NOT NULL,
    "status" "public"."order_status" NOT NULL,
    "changed_at" timestamp DEFAULT now(),
    "changed_by" uuid,
    PRIMARY KEY ("id")
);

DROP TABLE IF EXISTS "public"."users";
-- Table Definition
CREATE TABLE "public"."users" (
    "id" uuid NOT NULL DEFAULT gen_random_uuid(),
    "name" text NOT NULL,
    "email" text NOT NULL,
    "password_hash" text NOT NULL,
    "role" text NOT NULL DEFAULT 'customer'::text,
    "created_at" timestamp DEFAULT now(),
    PRIMARY KEY ("id")
);

DROP TABLE IF EXISTS "public"."order_items";
-- Table Definition
CREATE TABLE "public"."order_items" (
    "id" uuid NOT NULL DEFAULT gen_random_uuid(),
    "order_id" uuid NOT NULL,
    "product_id" uuid NOT NULL,
    "quantity" int4 NOT NULL CHECK (quantity > 0),
    "unit_price" numeric(10,2) NOT NULL CHECK (unit_price >= (0)::numeric),
    "created_at" timestamp DEFAULT now(),
    PRIMARY KEY ("id")
);

DROP TABLE IF EXISTS "public"."products";
-- Table Definition
CREATE TABLE "public"."products" (
    "id" uuid NOT NULL DEFAULT gen_random_uuid(),
    "restaurant_id" uuid NOT NULL,
    "name" text NOT NULL,
    "price" numeric(10,2) NOT NULL CHECK (price >= (0)::numeric),
    "created_at" timestamp DEFAULT now(),
    "description" varchar(255),
    PRIMARY KEY ("id")
);

DROP TABLE IF EXISTS "public"."payment_methods";
-- Table Definition
CREATE TABLE "public"."payment_methods" (
    "id" varchar(50) NOT NULL,
    "name" varchar(100) NOT NULL,
    PRIMARY KEY ("id")
);

DROP TABLE IF EXISTS "public"."restaurants";
-- Table Definition
CREATE TABLE "public"."restaurants" (
    "id" uuid NOT NULL DEFAULT gen_random_uuid(),
    "name" text NOT NULL,
    "created_at" timestamp DEFAULT now(),
    "description" varchar(255),
    PRIMARY KEY ("id")
);

INSERT INTO "public"."order_events" ("id", "order_id", "name", "payload", "attempts", "next_retry_at", "locked_at", "locked_by", "processed_at", "failed_at", "dead_letter_at", "error_message", "created_at") VALUES
('005f9cb1-0b62-464a-a693-b377bb72073f', '094b4ec8-63ab-431a-ad11-cfaf2cc4d6da', 'order_preparing', '{"total": 25.9, "userId": "8bbf4be6-573d-45dd-8771-70d4a540883e", "orderId": "094b4ec8-63ab-431a-ad11-cfaf2cc4d6da", "changedBy": "8bbf4be6-573d-45dd-8771-70d4a540883e", "newStatus": "preparing", "occurredAt": "2026-05-05T17:25:37.811Z", "restaurantId": "877e21c3-e1bc-4e6b-abbf-4dac7877f03d", "previousStatus": "confirmed"}', 0, '2026-05-05 14:25:37.580805', NULL, NULL, NULL, NULL, NULL, NULL, '2026-05-05 14:25:37.580805'),
('044e55c7-76cb-4fbc-ab49-a256ece6a48e', '84686d0f-6b15-4dca-9381-35bc1e3f7680', 'order_ready', '{"total": 369, "userId": "8bbf4be6-573d-45dd-8771-70d4a540883e", "orderId": "84686d0f-6b15-4dca-9381-35bc1e3f7680", "changedBy": "8bbf4be6-573d-45dd-8771-70d4a540883e", "newStatus": "order_ready", "occurredAt": "2026-05-20T00:53:32.023Z", "restaurantId": "5b38ea02-dd73-40e4-8004-8aa7d5f87be4", "previousStatus": "preparing"}', 0, '2026-05-19 21:53:32.013405', NULL, NULL, NULL, NULL, NULL, NULL, '2026-05-19 21:53:32.013405'),
('0598354a-8412-45c3-8386-1cc6e6e31baa', '094b4ec8-63ab-431a-ad11-cfaf2cc4d6da', 'order_out_for_delivery', '{"total": 25.9, "userId": "8bbf4be6-573d-45dd-8771-70d4a540883e", "orderId": "094b4ec8-63ab-431a-ad11-cfaf2cc4d6da", "changedBy": "8bbf4be6-573d-45dd-8771-70d4a540883e", "newStatus": "out_for_delivery", "occurredAt": "2026-05-05T17:28:41.918Z", "restaurantId": "877e21c3-e1bc-4e6b-abbf-4dac7877f03d", "previousStatus": "preparing"}', 0, '2026-05-05 14:28:41.799154', NULL, NULL, NULL, NULL, NULL, NULL, '2026-05-05 14:28:41.799154'),
('08c823ed-99f9-42c0-8b1d-6740d0097eac', 'aaa706a6-73ca-495c-8599-47df77dd39a1', 'order_out_for_delivery', '{"total": 25.9, "userId": "8bbf4be6-573d-45dd-8771-70d4a540883e", "orderId": "aaa706a6-73ca-495c-8599-47df77dd39a1", "changedBy": "8bbf4be6-573d-45dd-8771-70d4a540883e", "newStatus": "out_for_delivery", "occurredAt": "2026-05-18T14:52:41.257Z", "restaurantId": "5b38ea02-dd73-40e4-8004-8aa7d5f87be4", "previousStatus": "preparing"}', 0, '2026-05-18 11:52:41.241334', NULL, NULL, NULL, NULL, NULL, NULL, '2026-05-18 11:52:41.241334'),
('091db01f-7c96-42e1-845f-3211e0ee3be1', '4bb26973-c47f-42c6-b188-1a0c98a5f94a', 'order_confirmed', '{"total": 14, "userId": "8bbf4be6-573d-45dd-8771-70d4a540883e", "orderId": "4bb26973-c47f-42c6-b188-1a0c98a5f94a", "changedBy": "8bbf4be6-573d-45dd-8771-70d4a540883e", "newStatus": "confirmed", "occurredAt": "2026-05-17T16:27:47.702Z", "restaurantId": "5b38ea02-dd73-40e4-8004-8aa7d5f87be4", "previousStatus": "pending"}', 0, '2026-05-17 13:27:47.678046', NULL, NULL, NULL, NULL, NULL, NULL, '2026-05-17 13:27:47.678046'),
('09abcf13-20a2-4a0d-9ce5-9ab020e59f21', 'f20e9afa-9119-4fa1-ae06-052e70d41db0', 'order_delivered', '{"total": 36.9, "userId": "8bbf4be6-573d-45dd-8771-70d4a540883e", "orderId": "f20e9afa-9119-4fa1-ae06-052e70d41db0", "changedBy": "8bbf4be6-573d-45dd-8771-70d4a540883e", "newStatus": "delivered", "occurredAt": "2026-05-13T17:20:35.836Z", "restaurantId": "5b38ea02-dd73-40e4-8004-8aa7d5f87be4", "previousStatus": "out_for_delivery"}', 0, '2026-05-13 14:20:35.825959', NULL, NULL, NULL, NULL, NULL, NULL, '2026-05-13 14:20:35.825959'),
('0b9b383f-9f60-4a63-a407-59737bfb467f', '06a6734e-9dcb-49ff-9fbc-7dd20e6f1f02', 'order_confirmed', '{"total": 207, "userId": "8bbf4be6-573d-45dd-8771-70d4a540883e", "orderId": "06a6734e-9dcb-49ff-9fbc-7dd20e6f1f02", "changedBy": "8bbf4be6-573d-45dd-8771-70d4a540883e", "newStatus": "confirmed", "occurredAt": "2026-05-17T16:36:32.402Z", "restaurantId": "5b38ea02-dd73-40e4-8004-8aa7d5f87be4", "previousStatus": "pending"}', 0, '2026-05-17 13:36:32.304703', NULL, NULL, NULL, NULL, NULL, NULL, '2026-05-17 13:36:32.304703'),
('0beb9472-7851-4561-9a6c-fd770971ad11', 'a3b2fb9f-7f6a-4f89-a341-e63574f78be7', 'order_preparing', '{"total": 74.9, "userId": "8bbf4be6-573d-45dd-8771-70d4a540883e", "orderId": "a3b2fb9f-7f6a-4f89-a341-e63574f78be7", "changedBy": "8bbf4be6-573d-45dd-8771-70d4a540883e", "newStatus": "preparing", "occurredAt": "2026-05-13T02:06:44.713Z", "restaurantId": "c2acb25a-756c-4d22-b96a-0e5e837340e7", "previousStatus": "confirmed"}', 0, '2026-05-12 23:06:44.661043', NULL, NULL, NULL, NULL, NULL, NULL, '2026-05-12 23:06:44.661043'),
('0bf2ea8d-83f2-41c5-ad94-a5bfbd67f798', '03e07e39-08ce-4907-8be0-4e7b6e0f65fe', 'order_delivered', '{"total": 16.5, "userId": "8bbf4be6-573d-45dd-8771-70d4a540883e", "orderId": "03e07e39-08ce-4907-8be0-4e7b6e0f65fe", "changedBy": "8bbf4be6-573d-45dd-8771-70d4a540883e", "newStatus": "delivered", "occurredAt": "2026-05-16T16:55:14.211Z", "restaurantId": "5b38ea02-dd73-40e4-8004-8aa7d5f87be4", "previousStatus": "out_for_delivery"}', 0, '2026-05-16 13:55:14.184211', NULL, NULL, NULL, NULL, NULL, NULL, '2026-05-16 13:55:14.184211'),
('12620525-8520-4ef5-93d7-445c1eebccbf', '4ee1cfcf-e23b-47e3-aba0-db4760fcb347', 'order_delivered', '{"total": 259.4, "userId": "8bbf4be6-573d-45dd-8771-70d4a540883e", "orderId": "4ee1cfcf-e23b-47e3-aba0-db4760fcb347", "changedBy": "8bbf4be6-573d-45dd-8771-70d4a540883e", "newStatus": "delivered", "occurredAt": "2026-05-16T23:47:38.908Z", "restaurantId": "5b38ea02-dd73-40e4-8004-8aa7d5f87be4", "previousStatus": "order_ready"}', 0, '2026-05-16 20:47:38.899301', NULL, NULL, NULL, NULL, NULL, NULL, '2026-05-16 20:47:38.899301'),
('136e256b-5565-4576-9d1f-898a46398a22', '28597b2e-262e-43cc-888d-310fade0b4ef', 'order_confirmed', '{"total": 327.2, "userId": "8bbf4be6-573d-45dd-8771-70d4a540883e", "orderId": "28597b2e-262e-43cc-888d-310fade0b4ef", "changedBy": "8bbf4be6-573d-45dd-8771-70d4a540883e", "newStatus": "confirmed", "occurredAt": "2026-05-20T14:22:35.282Z", "restaurantId": "5b38ea02-dd73-40e4-8004-8aa7d5f87be4", "previousStatus": "pending"}', 0, '2026-05-20 11:22:34.883229', NULL, NULL, NULL, NULL, NULL, NULL, '2026-05-20 11:22:34.883229'),
('13ac6ee2-5afc-40cf-9e3c-df64feb204b8', 'e80bbfe2-cb17-48eb-8cff-5996b31571a3', 'order_preparing', '{"total": 199.4, "userId": "8bbf4be6-573d-45dd-8771-70d4a540883e", "orderId": "e80bbfe2-cb17-48eb-8cff-5996b31571a3", "changedBy": "8bbf4be6-573d-45dd-8771-70d4a540883e", "newStatus": "preparing", "occurredAt": "2026-05-20T00:54:44.458Z", "restaurantId": "5b38ea02-dd73-40e4-8004-8aa7d5f87be4", "previousStatus": "confirmed"}', 0, '2026-05-19 21:54:44.451346', NULL, NULL, NULL, NULL, NULL, NULL, '2026-05-19 21:54:44.451346'),
('15d88f72-4a54-46ad-a334-20ad4c49067d', '15a5c3b7-39a9-4143-8f71-267bc833e9dd', 'order_delivered', '{"total": 27.9, "userId": "8bbf4be6-573d-45dd-8771-70d4a540883e", "orderId": "15a5c3b7-39a9-4143-8f71-267bc833e9dd", "changedBy": "8bbf4be6-573d-45dd-8771-70d4a540883e", "newStatus": "delivered", "occurredAt": "2026-05-17T16:22:52.366Z", "restaurantId": "5b38ea02-dd73-40e4-8004-8aa7d5f87be4", "previousStatus": "out_for_delivery"}', 0, '2026-05-17 13:22:52.358648', NULL, NULL, NULL, NULL, NULL, NULL, '2026-05-17 13:22:52.358648'),
('16d9cc31-4a25-4607-a839-5eca7380f9e8', '06a6734e-9dcb-49ff-9fbc-7dd20e6f1f02', 'order_ready', '{"total": 207, "userId": "8bbf4be6-573d-45dd-8771-70d4a540883e", "orderId": "06a6734e-9dcb-49ff-9fbc-7dd20e6f1f02", "changedBy": "8bbf4be6-573d-45dd-8771-70d4a540883e", "newStatus": "order_ready", "occurredAt": "2026-05-17T16:36:57.466Z", "restaurantId": "5b38ea02-dd73-40e4-8004-8aa7d5f87be4", "previousStatus": "preparing"}', 0, '2026-05-17 13:36:57.452747', NULL, NULL, NULL, NULL, NULL, NULL, '2026-05-17 13:36:57.452747'),
('18166e24-c18e-4fc6-b505-2e248f46d16a', '1e2b788b-fc1f-45d9-8e48-617df4deb1c0', 'order_cancelled', '{"total": 51, "userId": "8bbf4be6-573d-45dd-8771-70d4a540883e", "orderId": "1e2b788b-fc1f-45d9-8e48-617df4deb1c0", "changedBy": "8bbf4be6-573d-45dd-8771-70d4a540883e", "newStatus": "cancelled", "occurredAt": "2026-05-11T17:58:26.928Z", "restaurantId": "da485137-42c8-4986-84ff-979952074df4", "previousStatus": "pending"}', 0, '2026-05-11 14:58:26.897622', NULL, NULL, NULL, NULL, NULL, NULL, '2026-05-11 14:58:26.897622'),
('183bbc4a-6f78-4a6f-869c-2612647971aa', 'f22685a0-3328-4edb-aa31-b3578dc2ed84', 'order_delivered', '{"total": 27.9, "userId": "8bbf4be6-573d-45dd-8771-70d4a540883e", "orderId": "f22685a0-3328-4edb-aa31-b3578dc2ed84", "changedBy": "8bbf4be6-573d-45dd-8771-70d4a540883e", "newStatus": "delivered", "occurredAt": "2026-05-11T16:36:00.407Z", "restaurantId": "da485137-42c8-4986-84ff-979952074df4", "previousStatus": "out_for_delivery"}', 0, '2026-05-11 13:36:00.4047', NULL, NULL, NULL, NULL, NULL, NULL, '2026-05-11 13:36:00.4047'),
('1a1abea2-bbda-4857-a0b7-3bee2a0132bc', 'ee760236-dba3-407f-a4f9-46c2b232833b', 'order_preparing', '{"total": 25.9, "userId": "8bbf4be6-573d-45dd-8771-70d4a540883e", "orderId": "ee760236-dba3-407f-a4f9-46c2b232833b", "changedBy": "8bbf4be6-573d-45dd-8771-70d4a540883e", "newStatus": "preparing", "occurredAt": "2026-05-05T18:20:24.199Z", "restaurantId": "877e21c3-e1bc-4e6b-abbf-4dac7877f03d", "previousStatus": "confirmed"}', 0, '2026-05-05 15:20:24.194294', NULL, NULL, NULL, NULL, NULL, NULL, '2026-05-05 15:20:24.194294'),
('1d15f184-fb39-45f5-b133-264feca9fd87', 'b55989fb-3da8-412f-9992-3b8c7b097514', 'order_preparing', '{"total": 74.9, "userId": "8bbf4be6-573d-45dd-8771-70d4a540883e", "orderId": "b55989fb-3da8-412f-9992-3b8c7b097514", "changedBy": "8bbf4be6-573d-45dd-8771-70d4a540883e", "newStatus": "preparing", "occurredAt": "2026-05-12T16:06:52.076Z", "restaurantId": "c2acb25a-756c-4d22-b96a-0e5e837340e7", "previousStatus": "confirmed"}', 0, '2026-05-12 13:06:52.067982', NULL, NULL, NULL, NULL, NULL, NULL, '2026-05-12 13:06:52.067982'),
('1dadb04e-124d-4f67-b36b-3839bb849efd', 'e545a154-2280-4240-8b8b-bde83c4ac2d1', 'order_cancelled', '{"total": 14, "userId": "8bbf4be6-573d-45dd-8771-70d4a540883e", "orderId": "e545a154-2280-4240-8b8b-bde83c4ac2d1", "changedBy": "8bbf4be6-573d-45dd-8771-70d4a540883e", "newStatus": "cancelled", "occurredAt": "2026-05-16T22:50:01.794Z", "restaurantId": "5b38ea02-dd73-40e4-8004-8aa7d5f87be4", "previousStatus": "confirmed"}', 0, '2026-05-16 19:50:01.783792', NULL, NULL, NULL, NULL, NULL, NULL, '2026-05-16 19:50:01.783792'),
('1f78dd9a-6ccf-4790-a36f-6429f8528d36', 'af9378ae-04a5-4653-a90b-e949a9f33a1e', 'order_confirmed', '{"total": 64.8, "userId": "8bbf4be6-573d-45dd-8771-70d4a540883e", "orderId": "af9378ae-04a5-4653-a90b-e949a9f33a1e", "changedBy": "8bbf4be6-573d-45dd-8771-70d4a540883e", "newStatus": "confirmed", "occurredAt": "2026-05-18T01:19:47.871Z", "restaurantId": "5b38ea02-dd73-40e4-8004-8aa7d5f87be4", "previousStatus": "pending"}', 0, '2026-05-17 22:19:47.707088', NULL, NULL, NULL, NULL, NULL, NULL, '2026-05-17 22:19:47.707088'),
('20cd8c74-8b20-4448-b372-f4ceb9f4f4ed', '00ada82f-efcf-43dc-8e0e-847e71e2f676', 'order_confirmed', '{"total": 52.9, "userId": "8bbf4be6-573d-45dd-8771-70d4a540883e", "orderId": "00ada82f-efcf-43dc-8e0e-847e71e2f676", "changedBy": "8bbf4be6-573d-45dd-8771-70d4a540883e", "newStatus": "confirmed", "occurredAt": "2026-05-06T21:15:24.449Z", "restaurantId": "41e98c14-163e-4341-9747-9f76b77a1618", "previousStatus": "pending"}', 0, '2026-05-06 18:15:23.921121', NULL, NULL, NULL, NULL, NULL, NULL, '2026-05-06 18:15:23.921121'),
('211defca-888d-40fa-a876-76090aa3dfec', '094b4ec8-63ab-431a-ad11-cfaf2cc4d6da', 'order_delivered', '{"total": 25.9, "userId": "8bbf4be6-573d-45dd-8771-70d4a540883e", "orderId": "094b4ec8-63ab-431a-ad11-cfaf2cc4d6da", "changedBy": "8bbf4be6-573d-45dd-8771-70d4a540883e", "newStatus": "delivered", "occurredAt": "2026-05-05T17:31:44.606Z", "restaurantId": "877e21c3-e1bc-4e6b-abbf-4dac7877f03d", "previousStatus": "out_for_delivery"}', 0, '2026-05-05 14:31:44.46273', NULL, NULL, NULL, NULL, NULL, NULL, '2026-05-05 14:31:44.46273'),
('223c55cf-5af2-4147-ba6b-bab1b70bf338', '7498414f-135c-4e8e-9765-2937728a6d05', 'order_out_for_delivery', '{"total": 106.9, "userId": "8bbf4be6-573d-45dd-8771-70d4a540883e", "orderId": "7498414f-135c-4e8e-9765-2937728a6d05", "changedBy": "8bbf4be6-573d-45dd-8771-70d4a540883e", "newStatus": "out_for_delivery", "occurredAt": "2026-05-16T01:12:36.456Z", "restaurantId": "5b38ea02-dd73-40e4-8004-8aa7d5f87be4", "previousStatus": "preparing"}', 0, '2026-05-15 22:12:36.443775', NULL, NULL, NULL, NULL, NULL, NULL, '2026-05-15 22:12:36.443775'),
('2538ea92-d5e2-4d23-ab27-635f11f8571f', '3fd6f469-34bc-4258-8bcf-1631428f0478', 'order_confirmed', '{"total": 40.9, "userId": "8bbf4be6-573d-45dd-8771-70d4a540883e", "orderId": "3fd6f469-34bc-4258-8bcf-1631428f0478", "changedBy": "8bbf4be6-573d-45dd-8771-70d4a540883e", "newStatus": "confirmed", "occurredAt": "2026-05-14T17:15:49.835Z", "restaurantId": "5b38ea02-dd73-40e4-8004-8aa7d5f87be4", "previousStatus": "pending"}', 0, '2026-05-14 14:15:49.773224', NULL, NULL, NULL, NULL, NULL, NULL, '2026-05-14 14:15:49.773224'),
('26695601-c359-4e48-8f33-e2881f03551b', '2346952f-6ef8-4f9f-bdd2-6f1df8ca9f2e', 'order_confirmed', '{"total": 52.9, "userId": "8bbf4be6-573d-45dd-8771-70d4a540883e", "orderId": "2346952f-6ef8-4f9f-bdd2-6f1df8ca9f2e", "changedBy": "8bbf4be6-573d-45dd-8771-70d4a540883e", "newStatus": "confirmed", "occurredAt": "2026-05-08T02:01:27.911Z", "restaurantId": "41e98c14-163e-4341-9747-9f76b77a1618", "previousStatus": "pending"}', 0, '2026-05-07 23:01:27.827864', NULL, NULL, NULL, NULL, NULL, NULL, '2026-05-07 23:01:27.827864'),
('279173d7-956c-45e2-b9b9-e5221995c229', 'e545a154-2280-4240-8b8b-bde83c4ac2d1', 'order_confirmed', '{"total": 14, "userId": "8bbf4be6-573d-45dd-8771-70d4a540883e", "orderId": "e545a154-2280-4240-8b8b-bde83c4ac2d1", "changedBy": "8bbf4be6-573d-45dd-8771-70d4a540883e", "newStatus": "confirmed", "occurredAt": "2026-05-16T22:49:51.356Z", "restaurantId": "5b38ea02-dd73-40e4-8004-8aa7d5f87be4", "previousStatus": "pending"}', 0, '2026-05-16 19:49:51.32734', NULL, NULL, NULL, NULL, NULL, NULL, '2026-05-16 19:49:51.32734'),
('2a620dbb-ec8d-4aa2-a1e0-0a9c0a2b574d', 'b55989fb-3da8-412f-9992-3b8c7b097514', 'order_delivered', '{"total": 74.9, "userId": "8bbf4be6-573d-45dd-8771-70d4a540883e", "orderId": "b55989fb-3da8-412f-9992-3b8c7b097514", "changedBy": "8bbf4be6-573d-45dd-8771-70d4a540883e", "newStatus": "delivered", "occurredAt": "2026-05-12T16:07:12.366Z", "restaurantId": "c2acb25a-756c-4d22-b96a-0e5e837340e7", "previousStatus": "out_for_delivery"}', 0, '2026-05-12 13:07:12.353552', NULL, NULL, NULL, NULL, NULL, NULL, '2026-05-12 13:07:12.353552'),
('2b1b44c4-8c07-455a-8e1d-6fb1fe6ed772', '602676f1-5503-47a3-b51d-8878f3b78e10', 'order_preparing', '{"total": 173.5, "userId": "8bbf4be6-573d-45dd-8771-70d4a540883e", "orderId": "602676f1-5503-47a3-b51d-8878f3b78e10", "changedBy": "8bbf4be6-573d-45dd-8771-70d4a540883e", "newStatus": "preparing", "occurredAt": "2026-05-18T23:15:04.604Z", "restaurantId": "5b38ea02-dd73-40e4-8004-8aa7d5f87be4", "previousStatus": "confirmed"}', 0, '2026-05-18 20:15:04.597846', NULL, NULL, NULL, NULL, NULL, NULL, '2026-05-18 20:15:04.597846'),
('2de7a317-af96-4491-8869-46b5d7e714a9', '8d1fcb82-51d8-495d-a95f-028560d78e2a', 'order_out_for_delivery', '{"total": 194.6, "userId": "8bbf4be6-573d-45dd-8771-70d4a540883e", "orderId": "8d1fcb82-51d8-495d-a95f-028560d78e2a", "changedBy": "8bbf4be6-573d-45dd-8771-70d4a540883e", "newStatus": "out_for_delivery", "occurredAt": "2026-05-14T21:54:42.735Z", "restaurantId": "5b38ea02-dd73-40e4-8004-8aa7d5f87be4", "previousStatus": "preparing"}', 0, '2026-05-14 18:54:42.692695', NULL, NULL, NULL, NULL, NULL, NULL, '2026-05-14 18:54:42.692695'),
('2e4c950e-2546-40d7-b0c0-099ce153b948', 'af9378ae-04a5-4653-a90b-e949a9f33a1e', 'order_delivered', '{"total": 64.8, "userId": "8bbf4be6-573d-45dd-8771-70d4a540883e", "orderId": "af9378ae-04a5-4653-a90b-e949a9f33a1e", "changedBy": "8bbf4be6-573d-45dd-8771-70d4a540883e", "newStatus": "delivered", "occurredAt": "2026-05-18T01:20:10.730Z", "restaurantId": "5b38ea02-dd73-40e4-8004-8aa7d5f87be4", "previousStatus": "order_ready"}', 0, '2026-05-17 22:20:10.72405', NULL, NULL, NULL, NULL, NULL, NULL, '2026-05-17 22:20:10.72405'),
('2feac080-c1d1-4220-9f3b-2dda1a8fdaa6', '602676f1-5503-47a3-b51d-8878f3b78e10', 'order_delivered', '{"total": 173.5, "userId": "8bbf4be6-573d-45dd-8771-70d4a540883e", "orderId": "602676f1-5503-47a3-b51d-8878f3b78e10", "changedBy": "8bbf4be6-573d-45dd-8771-70d4a540883e", "newStatus": "delivered", "occurredAt": "2026-05-18T23:15:15.921Z", "restaurantId": "5b38ea02-dd73-40e4-8004-8aa7d5f87be4", "previousStatus": "order_ready"}', 0, '2026-05-18 20:15:15.914856', NULL, NULL, NULL, NULL, NULL, NULL, '2026-05-18 20:15:15.914856'),
('30f9e558-fccc-45a4-936d-f94bf99e0793', 'd8f873bb-a4b5-437c-a0d0-68a48ee43883', 'order_out_for_delivery', '{"total": 86.3, "userId": "8bbf4be6-573d-45dd-8771-70d4a540883e", "orderId": "d8f873bb-a4b5-437c-a0d0-68a48ee43883", "changedBy": "8bbf4be6-573d-45dd-8771-70d4a540883e", "newStatus": "out_for_delivery", "occurredAt": "2026-05-20T00:52:15.283Z", "restaurantId": "5b38ea02-dd73-40e4-8004-8aa7d5f87be4", "previousStatus": "preparing"}', 0, '2026-05-19 21:52:15.272834', NULL, NULL, NULL, NULL, NULL, NULL, '2026-05-19 21:52:15.272834'),
('31525eb9-7341-4756-83bd-e818b8efab56', '15a5c3b7-39a9-4143-8f71-267bc833e9dd', 'order_preparing', '{"total": 27.9, "userId": "8bbf4be6-573d-45dd-8771-70d4a540883e", "orderId": "15a5c3b7-39a9-4143-8f71-267bc833e9dd", "changedBy": "8bbf4be6-573d-45dd-8771-70d4a540883e", "newStatus": "preparing", "occurredAt": "2026-05-17T16:22:33.915Z", "restaurantId": "5b38ea02-dd73-40e4-8004-8aa7d5f87be4", "previousStatus": "confirmed"}', 0, '2026-05-17 13:22:33.90057', NULL, NULL, NULL, NULL, NULL, NULL, '2026-05-17 13:22:33.90057'),
('329679be-bc1f-4ca9-8a40-afe40a0f9842', '00ada82f-efcf-43dc-8e0e-847e71e2f676', 'order_out_for_delivery', '{"total": 52.9, "userId": "8bbf4be6-573d-45dd-8771-70d4a540883e", "orderId": "00ada82f-efcf-43dc-8e0e-847e71e2f676", "changedBy": "8bbf4be6-573d-45dd-8771-70d4a540883e", "newStatus": "out_for_delivery", "occurredAt": "2026-05-06T21:17:23.451Z", "restaurantId": "41e98c14-163e-4341-9747-9f76b77a1618", "previousStatus": "preparing"}', 0, '2026-05-06 18:17:23.429588', NULL, NULL, NULL, NULL, NULL, NULL, '2026-05-06 18:17:23.429588'),
('34d3f1e3-35e1-42a1-b2b5-1af8416b16da', '55fdf16f-e9e4-493a-bf12-57bd20bb2e5c', 'order_preparing', '{"total": 174.5, "userId": "8bbf4be6-573d-45dd-8771-70d4a540883e", "orderId": "55fdf16f-e9e4-493a-bf12-57bd20bb2e5c", "changedBy": "8bbf4be6-573d-45dd-8771-70d4a540883e", "newStatus": "preparing", "occurredAt": "2026-05-16T22:47:45.739Z", "restaurantId": "5b38ea02-dd73-40e4-8004-8aa7d5f87be4", "previousStatus": "confirmed"}', 0, '2026-05-16 19:47:45.640776', NULL, NULL, NULL, NULL, NULL, NULL, '2026-05-16 19:47:45.640776'),
('38ee99d3-7a1b-4d66-a977-94c278d461d0', 'c9231d19-e741-4f48-98c8-178ca8b4203e', 'order_confirmed', '{"total": 6, "userId": "8bbf4be6-573d-45dd-8771-70d4a540883e", "orderId": "c9231d19-e741-4f48-98c8-178ca8b4203e", "changedBy": "8bbf4be6-573d-45dd-8771-70d4a540883e", "newStatus": "confirmed", "occurredAt": "2026-05-17T16:37:57.066Z", "restaurantId": "5b38ea02-dd73-40e4-8004-8aa7d5f87be4", "previousStatus": "pending"}', 0, '2026-05-17 13:37:57.053363', NULL, NULL, NULL, NULL, NULL, NULL, '2026-05-17 13:37:57.053363'),
('395b75a8-c57d-4376-bb63-2ee3c897ae43', '4cea9739-54df-4319-95ce-2aad37af9f6f', 'order_confirmed', '{"total": 161.6, "userId": "8bbf4be6-573d-45dd-8771-70d4a540883e", "orderId": "4cea9739-54df-4319-95ce-2aad37af9f6f", "changedBy": "8bbf4be6-573d-45dd-8771-70d4a540883e", "newStatus": "confirmed", "occurredAt": "2026-05-14T16:30:00.033Z", "restaurantId": "5b38ea02-dd73-40e4-8004-8aa7d5f87be4", "previousStatus": "pending"}', 0, '2026-05-14 13:29:59.752332', NULL, NULL, NULL, NULL, NULL, NULL, '2026-05-14 13:29:59.752332'),
('3b4a931b-ea84-4e4d-9faf-2e0889485519', '00ada82f-efcf-43dc-8e0e-847e71e2f676', 'order_delivered', '{"total": 52.9, "userId": "8bbf4be6-573d-45dd-8771-70d4a540883e", "orderId": "00ada82f-efcf-43dc-8e0e-847e71e2f676", "changedBy": "8bbf4be6-573d-45dd-8771-70d4a540883e", "newStatus": "delivered", "occurredAt": "2026-05-06T21:17:25.511Z", "restaurantId": "41e98c14-163e-4341-9747-9f76b77a1618", "previousStatus": "out_for_delivery"}', 0, '2026-05-06 18:17:25.507399', NULL, NULL, NULL, NULL, NULL, NULL, '2026-05-06 18:17:25.507399'),
('3dbf7dbe-59f3-40e1-be14-403854bcacdf', '5443a986-62c5-40d0-a72d-45dc06eb98a4', 'order_confirmed', '{"total": 34.9, "userId": "8bbf4be6-573d-45dd-8771-70d4a540883e", "orderId": "5443a986-62c5-40d0-a72d-45dc06eb98a4", "changedBy": "8bbf4be6-573d-45dd-8771-70d4a540883e", "newStatus": "confirmed", "occurredAt": "2026-05-14T00:26:37.292Z", "restaurantId": "5b38ea02-dd73-40e4-8004-8aa7d5f87be4", "previousStatus": "pending"}', 0, '2026-05-13 21:26:35.320815', NULL, NULL, NULL, NULL, NULL, NULL, '2026-05-13 21:26:35.320815'),
('3de2bc5d-19e5-4c68-b500-d08f81e9cd89', '8998ec65-e4b3-4e9b-b8a9-62860341d9da', 'order_preparing', '{"total": 36.9, "userId": "8bbf4be6-573d-45dd-8771-70d4a540883e", "orderId": "8998ec65-e4b3-4e9b-b8a9-62860341d9da", "changedBy": "8bbf4be6-573d-45dd-8771-70d4a540883e", "newStatus": "preparing", "occurredAt": "2026-05-17T16:26:06.265Z", "restaurantId": "5b38ea02-dd73-40e4-8004-8aa7d5f87be4", "previousStatus": "confirmed"}', 0, '2026-05-17 13:26:06.241068', NULL, NULL, NULL, NULL, NULL, NULL, '2026-05-17 13:26:06.241068'),
('423a718e-e3a6-4826-a783-6b996419a2a5', '3ce3554a-f143-4cce-a2dc-2e5ece4d6fae', 'order_confirmed', '{"total": 17.9, "userId": "8bbf4be6-573d-45dd-8771-70d4a540883e", "orderId": "3ce3554a-f143-4cce-a2dc-2e5ece4d6fae", "changedBy": "8bbf4be6-573d-45dd-8771-70d4a540883e", "newStatus": "confirmed", "occurredAt": "2026-05-16T17:28:12.352Z", "restaurantId": "5b38ea02-dd73-40e4-8004-8aa7d5f87be4", "previousStatus": "pending"}', 0, '2026-05-16 14:28:12.324617', NULL, NULL, NULL, NULL, NULL, NULL, '2026-05-16 14:28:12.324617'),
('451b74d2-6c76-4bee-a91b-41091cfad38f', 'a3b2fb9f-7f6a-4f89-a341-e63574f78be7', 'order_confirmed', '{"total": 74.9, "userId": "8bbf4be6-573d-45dd-8771-70d4a540883e", "orderId": "a3b2fb9f-7f6a-4f89-a341-e63574f78be7", "changedBy": "8bbf4be6-573d-45dd-8771-70d4a540883e", "newStatus": "confirmed", "occurredAt": "2026-05-13T02:06:36.393Z", "restaurantId": "c2acb25a-756c-4d22-b96a-0e5e837340e7", "previousStatus": "pending"}', 0, '2026-05-12 23:06:35.799362', NULL, NULL, NULL, NULL, NULL, NULL, '2026-05-12 23:06:35.799362'),
('46ad23c9-00c5-4f8c-847d-d4291ec97864', '4bb26973-c47f-42c6-b188-1a0c98a5f94a', 'order_cancelled', '{"total": 14, "userId": "8bbf4be6-573d-45dd-8771-70d4a540883e", "orderId": "4bb26973-c47f-42c6-b188-1a0c98a5f94a", "changedBy": "8bbf4be6-573d-45dd-8771-70d4a540883e", "newStatus": "cancelled", "occurredAt": "2026-05-17T16:27:53.695Z", "restaurantId": "5b38ea02-dd73-40e4-8004-8aa7d5f87be4", "previousStatus": "confirmed"}', 0, '2026-05-17 13:27:53.688502', NULL, NULL, NULL, NULL, NULL, NULL, '2026-05-17 13:27:53.688502'),
('47eecfac-53da-4692-9d16-3cbe787f7244', '59ba9ec6-be69-41dd-8184-de4e4787863d', 'order_delivered', '{"total": 89.9, "userId": "8bbf4be6-573d-45dd-8771-70d4a540883e", "orderId": "59ba9ec6-be69-41dd-8184-de4e4787863d", "changedBy": "8bbf4be6-573d-45dd-8771-70d4a540883e", "newStatus": "delivered", "occurredAt": "2026-05-16T01:26:53.515Z", "restaurantId": "5b38ea02-dd73-40e4-8004-8aa7d5f87be4", "previousStatus": "out_for_delivery"}', 0, '2026-05-15 22:26:53.502825', NULL, NULL, NULL, NULL, NULL, NULL, '2026-05-15 22:26:53.502825'),
('4c861917-4936-4952-a005-c1e517f9b286', '8569062a-5439-436f-b050-1a87bfb84f71', 'order_cancelled', '{"total": 44.9, "userId": "8bbf4be6-573d-45dd-8771-70d4a540883e", "orderId": "8569062a-5439-436f-b050-1a87bfb84f71", "changedBy": "8bbf4be6-573d-45dd-8771-70d4a540883e", "newStatus": "cancelled", "occurredAt": "2026-05-20T00:55:51.009Z", "restaurantId": "5b38ea02-dd73-40e4-8004-8aa7d5f87be4", "previousStatus": "confirmed"}', 0, '2026-05-19 21:55:51.005695', NULL, NULL, NULL, NULL, NULL, NULL, '2026-05-19 21:55:51.005695'),
('4d0e287f-9f90-4674-9f82-097ffc25704c', '5443a986-62c5-40d0-a72d-45dc06eb98a4', 'order_preparing', '{"total": 34.9, "userId": "8bbf4be6-573d-45dd-8771-70d4a540883e", "orderId": "5443a986-62c5-40d0-a72d-45dc06eb98a4", "changedBy": "8bbf4be6-573d-45dd-8771-70d4a540883e", "newStatus": "preparing", "occurredAt": "2026-05-14T00:26:52.639Z", "restaurantId": "5b38ea02-dd73-40e4-8004-8aa7d5f87be4", "previousStatus": "confirmed"}', 0, '2026-05-13 21:26:52.616239', NULL, NULL, NULL, NULL, NULL, NULL, '2026-05-13 21:26:52.616239'),
('4d7d650c-d11a-4990-8a83-1f27b1a300f4', '602676f1-5503-47a3-b51d-8878f3b78e10', 'order_ready', '{"total": 173.5, "userId": "8bbf4be6-573d-45dd-8771-70d4a540883e", "orderId": "602676f1-5503-47a3-b51d-8878f3b78e10", "changedBy": "8bbf4be6-573d-45dd-8771-70d4a540883e", "newStatus": "order_ready", "occurredAt": "2026-05-18T23:15:10.434Z", "restaurantId": "5b38ea02-dd73-40e4-8004-8aa7d5f87be4", "previousStatus": "preparing"}', 0, '2026-05-18 20:15:10.430673', NULL, NULL, NULL, NULL, NULL, NULL, '2026-05-18 20:15:10.430673'),
('4fa3daf9-7048-4fb5-bce0-590d861bc413', '0ab62943-893e-419a-8e6e-f29e5fc7dcad', 'order_confirmed', '{"total": 231.3, "userId": "8bbf4be6-573d-45dd-8771-70d4a540883e", "orderId": "0ab62943-893e-419a-8e6e-f29e5fc7dcad", "changedBy": "8bbf4be6-573d-45dd-8771-70d4a540883e", "newStatus": "confirmed", "occurredAt": "2026-05-16T01:17:36.180Z", "restaurantId": "5b38ea02-dd73-40e4-8004-8aa7d5f87be4", "previousStatus": "pending"}', 0, '2026-05-15 22:17:36.160209', NULL, NULL, NULL, NULL, NULL, NULL, '2026-05-15 22:17:36.160209'),
('5565f593-6ce7-4d43-8b01-4601a80aca42', '8998ec65-e4b3-4e9b-b8a9-62860341d9da', 'order_out_for_delivery', '{"total": 36.9, "userId": "8bbf4be6-573d-45dd-8771-70d4a540883e", "orderId": "8998ec65-e4b3-4e9b-b8a9-62860341d9da", "changedBy": "8bbf4be6-573d-45dd-8771-70d4a540883e", "newStatus": "out_for_delivery", "occurredAt": "2026-05-17T16:26:18.057Z", "restaurantId": "5b38ea02-dd73-40e4-8004-8aa7d5f87be4", "previousStatus": "preparing"}', 0, '2026-05-17 13:26:18.044794', NULL, NULL, NULL, NULL, NULL, NULL, '2026-05-17 13:26:18.044794'),
('5b3efa16-41a1-4a2d-a18a-ea12e1f7cd93', 'b55989fb-3da8-412f-9992-3b8c7b097514', 'order_out_for_delivery', '{"total": 74.9, "userId": "8bbf4be6-573d-45dd-8771-70d4a540883e", "orderId": "b55989fb-3da8-412f-9992-3b8c7b097514", "changedBy": "8bbf4be6-573d-45dd-8771-70d4a540883e", "newStatus": "out_for_delivery", "occurredAt": "2026-05-12T16:07:00.272Z", "restaurantId": "c2acb25a-756c-4d22-b96a-0e5e837340e7", "previousStatus": "preparing"}', 0, '2026-05-12 13:07:00.265327', NULL, NULL, NULL, NULL, NULL, NULL, '2026-05-12 13:07:00.265327'),
('5b8ff1ce-3a52-4abb-8aa0-c3053de4b788', '8d1fcb82-51d8-495d-a95f-028560d78e2a', 'order_confirmed', '{"total": 194.6, "userId": "8bbf4be6-573d-45dd-8771-70d4a540883e", "orderId": "8d1fcb82-51d8-495d-a95f-028560d78e2a", "changedBy": "8bbf4be6-573d-45dd-8771-70d4a540883e", "newStatus": "confirmed", "occurredAt": "2026-05-14T21:51:38.446Z", "restaurantId": "5b38ea02-dd73-40e4-8004-8aa7d5f87be4", "previousStatus": "pending"}', 0, '2026-05-14 18:51:38.375445', NULL, NULL, NULL, NULL, NULL, NULL, '2026-05-14 18:51:38.375445'),
('5e0e64e5-1350-4578-99fc-e07fb8b98266', '2346952f-6ef8-4f9f-bdd2-6f1df8ca9f2e', 'order_preparing', '{"total": 52.9, "userId": "8bbf4be6-573d-45dd-8771-70d4a540883e", "orderId": "2346952f-6ef8-4f9f-bdd2-6f1df8ca9f2e", "changedBy": "8bbf4be6-573d-45dd-8771-70d4a540883e", "newStatus": "preparing", "occurredAt": "2026-05-08T02:01:36.885Z", "restaurantId": "41e98c14-163e-4341-9747-9f76b77a1618", "previousStatus": "confirmed"}', 0, '2026-05-07 23:01:36.872114', NULL, NULL, NULL, NULL, NULL, NULL, '2026-05-07 23:01:36.872114'),
('5ee63a6e-b646-45dd-84a2-799df92d724e', '59ba9ec6-be69-41dd-8184-de4e4787863d', 'order_preparing', '{"total": 89.9, "userId": "8bbf4be6-573d-45dd-8771-70d4a540883e", "orderId": "59ba9ec6-be69-41dd-8184-de4e4787863d", "changedBy": "8bbf4be6-573d-45dd-8771-70d4a540883e", "newStatus": "preparing", "occurredAt": "2026-05-16T01:26:30.990Z", "restaurantId": "5b38ea02-dd73-40e4-8004-8aa7d5f87be4", "previousStatus": "confirmed"}', 0, '2026-05-15 22:26:30.982238', NULL, NULL, NULL, NULL, NULL, NULL, '2026-05-15 22:26:30.982238'),
('5fe7a9ec-9b26-4af4-b998-1aabf3e13da5', '28597b2e-262e-43cc-888d-310fade0b4ef', 'order_out_for_delivery', '{"total": 327.2, "userId": "8bbf4be6-573d-45dd-8771-70d4a540883e", "orderId": "28597b2e-262e-43cc-888d-310fade0b4ef", "changedBy": "8bbf4be6-573d-45dd-8771-70d4a540883e", "newStatus": "out_for_delivery", "occurredAt": "2026-05-20T14:22:51.156Z", "restaurantId": "5b38ea02-dd73-40e4-8004-8aa7d5f87be4", "previousStatus": "preparing"}', 0, '2026-05-20 11:22:51.147711', NULL, NULL, NULL, NULL, NULL, NULL, '2026-05-20 11:22:51.147711'),
('6016c4df-a7d9-4d1a-bfc4-c251392cc41e', '84686d0f-6b15-4dca-9381-35bc1e3f7680', 'order_delivered', '{"total": 369, "userId": "8bbf4be6-573d-45dd-8771-70d4a540883e", "orderId": "84686d0f-6b15-4dca-9381-35bc1e3f7680", "changedBy": "8bbf4be6-573d-45dd-8771-70d4a540883e", "newStatus": "delivered", "occurredAt": "2026-05-20T00:53:34.125Z", "restaurantId": "5b38ea02-dd73-40e4-8004-8aa7d5f87be4", "previousStatus": "order_ready"}', 0, '2026-05-19 21:53:34.116946', NULL, NULL, NULL, NULL, NULL, NULL, '2026-05-19 21:53:34.116946'),
('608a8f56-ca48-4004-ba19-32a6ddcd3804', '8569062a-5439-436f-b050-1a87bfb84f71', 'order_confirmed', '{"total": 44.9, "userId": "8bbf4be6-573d-45dd-8771-70d4a540883e", "orderId": "8569062a-5439-436f-b050-1a87bfb84f71", "changedBy": "8bbf4be6-573d-45dd-8771-70d4a540883e", "newStatus": "confirmed", "occurredAt": "2026-05-20T00:55:45.482Z", "restaurantId": "5b38ea02-dd73-40e4-8004-8aa7d5f87be4", "previousStatus": "pending"}', 0, '2026-05-19 21:55:45.449697', NULL, NULL, NULL, NULL, NULL, NULL, '2026-05-19 21:55:45.449697'),
('60e47e5f-83e4-4c9d-be10-f96965060a93', '4cea9739-54df-4319-95ce-2aad37af9f6f', 'order_out_for_delivery', '{"total": 161.6, "userId": "8bbf4be6-573d-45dd-8771-70d4a540883e", "orderId": "4cea9739-54df-4319-95ce-2aad37af9f6f", "changedBy": "8bbf4be6-573d-45dd-8771-70d4a540883e", "newStatus": "out_for_delivery", "occurredAt": "2026-05-14T16:30:18.473Z", "restaurantId": "5b38ea02-dd73-40e4-8004-8aa7d5f87be4", "previousStatus": "preparing"}', 0, '2026-05-14 13:30:18.46719', NULL, NULL, NULL, NULL, NULL, NULL, '2026-05-14 13:30:18.46719'),
('6155d776-76a6-494f-8296-32c2951cf87c', 'ad234822-e1fd-497a-a8f1-76e04ef669cd', 'order_preparing', '{"total": 489.3, "userId": "8bbf4be6-573d-45dd-8771-70d4a540883e", "orderId": "ad234822-e1fd-497a-a8f1-76e04ef669cd", "changedBy": "8bbf4be6-573d-45dd-8771-70d4a540883e", "newStatus": "preparing", "occurredAt": "2026-05-16T22:30:51.596Z", "restaurantId": "5b38ea02-dd73-40e4-8004-8aa7d5f87be4", "previousStatus": "confirmed"}', 0, '2026-05-16 19:30:51.589966', NULL, NULL, NULL, NULL, NULL, NULL, '2026-05-16 19:30:51.589966'),
('645fa53a-3de1-4b66-ac53-712ccc989e02', '4cea9739-54df-4319-95ce-2aad37af9f6f', 'order_delivered', '{"total": 161.6, "userId": "8bbf4be6-573d-45dd-8771-70d4a540883e", "orderId": "4cea9739-54df-4319-95ce-2aad37af9f6f", "changedBy": "8bbf4be6-573d-45dd-8771-70d4a540883e", "newStatus": "delivered", "occurredAt": "2026-05-14T16:30:22.718Z", "restaurantId": "5b38ea02-dd73-40e4-8004-8aa7d5f87be4", "previousStatus": "out_for_delivery"}', 0, '2026-05-14 13:30:22.711782', NULL, NULL, NULL, NULL, NULL, NULL, '2026-05-14 13:30:22.711782'),
('6c767412-5e87-49d6-b658-d9d1f9a3dcad', 'a34fdaf8-4c18-42fc-a83c-d4d0f6f07bba', 'order_delivered', '{"total": 74.9, "userId": "8bbf4be6-573d-45dd-8771-70d4a540883e", "orderId": "a34fdaf8-4c18-42fc-a83c-d4d0f6f07bba", "changedBy": "8bbf4be6-573d-45dd-8771-70d4a540883e", "newStatus": "delivered", "occurredAt": "2026-05-11T16:50:26.061Z", "restaurantId": "c2acb25a-756c-4d22-b96a-0e5e837340e7", "previousStatus": "out_for_delivery"}', 0, '2026-05-11 13:50:26.055764', NULL, NULL, NULL, NULL, NULL, NULL, '2026-05-11 13:50:26.055764'),
('6c990985-87db-4b65-af9c-3f2e2b66706c', '55fdf16f-e9e4-493a-bf12-57bd20bb2e5c', 'order_confirmed', '{"total": 174.5, "userId": "8bbf4be6-573d-45dd-8771-70d4a540883e", "orderId": "55fdf16f-e9e4-493a-bf12-57bd20bb2e5c", "changedBy": "8bbf4be6-573d-45dd-8771-70d4a540883e", "newStatus": "confirmed", "occurredAt": "2026-05-16T22:44:01.995Z", "restaurantId": "5b38ea02-dd73-40e4-8004-8aa7d5f87be4", "previousStatus": "pending"}', 0, '2026-05-16 19:44:01.88183', NULL, NULL, NULL, NULL, NULL, NULL, '2026-05-16 19:44:01.88183'),
('6ed32ed3-53af-43e9-b1e2-1787d28f74a7', 'a3b2fb9f-7f6a-4f89-a341-e63574f78be7', 'order_delivered', '{"total": 74.9, "userId": "8bbf4be6-573d-45dd-8771-70d4a540883e", "orderId": "a3b2fb9f-7f6a-4f89-a341-e63574f78be7", "changedBy": "8bbf4be6-573d-45dd-8771-70d4a540883e", "newStatus": "delivered", "occurredAt": "2026-05-13T02:07:00.100Z", "restaurantId": "c2acb25a-756c-4d22-b96a-0e5e837340e7", "previousStatus": "out_for_delivery"}', 0, '2026-05-12 23:07:00.093892', NULL, NULL, NULL, NULL, NULL, NULL, '2026-05-12 23:07:00.093892'),
('75c30f13-a69c-4bbd-bee1-f4acf480b1c3', 'd8f873bb-a4b5-437c-a0d0-68a48ee43883', 'order_preparing', '{"total": 86.3, "userId": "8bbf4be6-573d-45dd-8771-70d4a540883e", "orderId": "d8f873bb-a4b5-437c-a0d0-68a48ee43883", "changedBy": "8bbf4be6-573d-45dd-8771-70d4a540883e", "newStatus": "preparing", "occurredAt": "2026-05-20T00:52:11.371Z", "restaurantId": "5b38ea02-dd73-40e4-8004-8aa7d5f87be4", "previousStatus": "confirmed"}', 0, '2026-05-19 21:52:11.36559', NULL, NULL, NULL, NULL, NULL, NULL, '2026-05-19 21:52:11.36559'),
('7674285f-c15e-4829-b01f-84c2cbc5005f', '143be751-93de-4e03-ad68-3bb99d4296fe', 'order_preparing', '{"total": 34.9, "userId": "8bbf4be6-573d-45dd-8771-70d4a540883e", "orderId": "143be751-93de-4e03-ad68-3bb99d4296fe", "changedBy": "8bbf4be6-573d-45dd-8771-70d4a540883e", "newStatus": "preparing", "occurredAt": "2026-05-18T14:35:07.658Z", "restaurantId": "5b38ea02-dd73-40e4-8004-8aa7d5f87be4", "previousStatus": "confirmed"}', 0, '2026-05-18 11:35:07.586942', NULL, NULL, NULL, NULL, NULL, NULL, '2026-05-18 11:35:07.586942'),
('78543703-1f6c-4568-a707-98fec4c29e12', 'ee760236-dba3-407f-a4f9-46c2b232833b', 'order_confirmed', '{"total": 25.9, "userId": "8bbf4be6-573d-45dd-8771-70d4a540883e", "orderId": "ee760236-dba3-407f-a4f9-46c2b232833b", "changedBy": "8bbf4be6-573d-45dd-8771-70d4a540883e", "newStatus": "confirmed", "occurredAt": "2026-05-05T18:20:20.771Z", "restaurantId": "877e21c3-e1bc-4e6b-abbf-4dac7877f03d", "previousStatus": "pending"}', 0, '2026-05-05 15:20:20.701572', NULL, NULL, NULL, NULL, NULL, NULL, '2026-05-05 15:20:20.701572'),
('78b4b5e2-0bcd-434b-9348-528a1a117642', 'f2573925-2cc5-46dd-929e-012ac630334d', 'order_confirmed', '{"total": 139.4, "userId": "8bbf4be6-573d-45dd-8771-70d4a540883e", "orderId": "f2573925-2cc5-46dd-929e-012ac630334d", "changedBy": "8bbf4be6-573d-45dd-8771-70d4a540883e", "newStatus": "confirmed", "occurredAt": "2026-05-07T18:04:05.577Z", "restaurantId": "c2acb25a-756c-4d22-b96a-0e5e837340e7", "previousStatus": "pending"}', 0, '2026-05-07 15:04:05.171485', NULL, NULL, NULL, NULL, NULL, NULL, '2026-05-07 15:04:05.171485'),
('79aa88c2-f3f7-498f-a550-e87427413162', '59ba9ec6-be69-41dd-8184-de4e4787863d', 'order_out_for_delivery', '{"total": 89.9, "userId": "8bbf4be6-573d-45dd-8771-70d4a540883e", "orderId": "59ba9ec6-be69-41dd-8184-de4e4787863d", "changedBy": "8bbf4be6-573d-45dd-8771-70d4a540883e", "newStatus": "out_for_delivery", "occurredAt": "2026-05-16T01:26:35.880Z", "restaurantId": "5b38ea02-dd73-40e4-8004-8aa7d5f87be4", "previousStatus": "preparing"}', 0, '2026-05-15 22:26:35.87553', NULL, NULL, NULL, NULL, NULL, NULL, '2026-05-15 22:26:35.87553'),
('7bae29b5-650b-43a3-97e6-d2b6f990778d', 'ad234822-e1fd-497a-a8f1-76e04ef669cd', 'order_delivered', '{"total": 489.3, "userId": "8bbf4be6-573d-45dd-8771-70d4a540883e", "orderId": "ad234822-e1fd-497a-a8f1-76e04ef669cd", "changedBy": "8bbf4be6-573d-45dd-8771-70d4a540883e", "newStatus": "delivered", "occurredAt": "2026-05-16T22:31:04.468Z", "restaurantId": "5b38ea02-dd73-40e4-8004-8aa7d5f87be4", "previousStatus": "order_ready"}', 0, '2026-05-16 19:31:04.454746', NULL, NULL, NULL, NULL, NULL, NULL, '2026-05-16 19:31:04.454746'),
('7bd04aab-eb2d-47a9-91ec-e61b0d4bb012', 'c9231d19-e741-4f48-98c8-178ca8b4203e', 'order_cancelled', '{"total": 6, "userId": "8bbf4be6-573d-45dd-8771-70d4a540883e", "orderId": "c9231d19-e741-4f48-98c8-178ca8b4203e", "changedBy": "8bbf4be6-573d-45dd-8771-70d4a540883e", "newStatus": "cancelled", "occurredAt": "2026-05-17T16:38:09.904Z", "restaurantId": "5b38ea02-dd73-40e4-8004-8aa7d5f87be4", "previousStatus": "confirmed"}', 0, '2026-05-17 13:38:09.88772', NULL, NULL, NULL, NULL, NULL, NULL, '2026-05-17 13:38:09.88772'),
('7d2d9292-4362-4ced-8dd9-e466898d8a96', '89c8f5fc-5613-4cf0-8251-47101448593e', 'order_cancelled', '{"total": 39.9, "userId": "8bbf4be6-573d-45dd-8771-70d4a540883e", "orderId": "89c8f5fc-5613-4cf0-8251-47101448593e", "changedBy": "8bbf4be6-573d-45dd-8771-70d4a540883e", "newStatus": "cancelled", "occurredAt": "2026-05-11T17:56:47.278Z", "restaurantId": "5b38ea02-dd73-40e4-8004-8aa7d5f87be4", "previousStatus": "pending"}', 0, '2026-05-11 14:56:47.246019', NULL, NULL, NULL, NULL, NULL, NULL, '2026-05-11 14:56:47.246019'),
('7f1e361a-646c-4c51-bfa0-1d1eaaad4405', 'aaa706a6-73ca-495c-8599-47df77dd39a1', 'order_delivered', '{"total": 25.9, "userId": "8bbf4be6-573d-45dd-8771-70d4a540883e", "orderId": "aaa706a6-73ca-495c-8599-47df77dd39a1", "changedBy": "8bbf4be6-573d-45dd-8771-70d4a540883e", "newStatus": "delivered", "occurredAt": "2026-05-18T14:53:09.099Z", "restaurantId": "5b38ea02-dd73-40e4-8004-8aa7d5f87be4", "previousStatus": "out_for_delivery"}', 0, '2026-05-18 11:53:09.088759', NULL, NULL, NULL, NULL, NULL, NULL, '2026-05-18 11:53:09.088759'),
('7f2119c1-d219-4e22-9704-ebbdf93c9c10', '094b4ec8-63ab-431a-ad11-cfaf2cc4d6da', 'order_confirmed', '{"total": 25.9, "userId": "8bbf4be6-573d-45dd-8771-70d4a540883e", "orderId": "094b4ec8-63ab-431a-ad11-cfaf2cc4d6da", "changedBy": "8bbf4be6-573d-45dd-8771-70d4a540883e", "newStatus": "confirmed", "occurredAt": "2026-05-05T16:13:11.202Z", "restaurantId": "877e21c3-e1bc-4e6b-abbf-4dac7877f03d", "previousStatus": "pending"}', 0, '2026-05-05 13:13:11.149327', NULL, NULL, NULL, NULL, NULL, NULL, '2026-05-05 13:13:11.149327'),
('82def866-5607-4974-afe1-53bb56139461', 'ad234822-e1fd-497a-a8f1-76e04ef669cd', 'order_confirmed', '{"total": 489.3, "userId": "8bbf4be6-573d-45dd-8771-70d4a540883e", "orderId": "ad234822-e1fd-497a-a8f1-76e04ef669cd", "changedBy": "8bbf4be6-573d-45dd-8771-70d4a540883e", "newStatus": "confirmed", "occurredAt": "2026-05-16T22:30:45.196Z", "restaurantId": "5b38ea02-dd73-40e4-8004-8aa7d5f87be4", "previousStatus": "pending"}', 0, '2026-05-16 19:30:45.081497', NULL, NULL, NULL, NULL, NULL, NULL, '2026-05-16 19:30:45.081497'),
('83333e30-fa5e-4065-bf9b-105290b9068b', '15a5c3b7-39a9-4143-8f71-267bc833e9dd', 'order_out_for_delivery', '{"total": 27.9, "userId": "8bbf4be6-573d-45dd-8771-70d4a540883e", "orderId": "15a5c3b7-39a9-4143-8f71-267bc833e9dd", "changedBy": "8bbf4be6-573d-45dd-8771-70d4a540883e", "newStatus": "out_for_delivery", "occurredAt": "2026-05-17T16:22:43.481Z", "restaurantId": "5b38ea02-dd73-40e4-8004-8aa7d5f87be4", "previousStatus": "preparing"}', 0, '2026-05-17 13:22:43.463209', NULL, NULL, NULL, NULL, NULL, NULL, '2026-05-17 13:22:43.463209'),
('8837d299-4e18-4063-8754-6227f8073370', '2346952f-6ef8-4f9f-bdd2-6f1df8ca9f2e', 'order_out_for_delivery', '{"total": 52.9, "userId": "8bbf4be6-573d-45dd-8771-70d4a540883e", "orderId": "2346952f-6ef8-4f9f-bdd2-6f1df8ca9f2e", "changedBy": "8bbf4be6-573d-45dd-8771-70d4a540883e", "newStatus": "out_for_delivery", "occurredAt": "2026-05-11T15:13:51.061Z", "restaurantId": "41e98c14-163e-4341-9747-9f76b77a1618", "previousStatus": "preparing"}', 0, '2026-05-11 12:13:50.600454', NULL, NULL, NULL, NULL, NULL, NULL, '2026-05-11 12:13:50.600454'),
('89b6f5c7-c1ce-455e-84ed-e5ba79f95697', '7498414f-135c-4e8e-9765-2937728a6d05', 'order_delivered', '{"total": 106.9, "userId": "8bbf4be6-573d-45dd-8771-70d4a540883e", "orderId": "7498414f-135c-4e8e-9765-2937728a6d05", "changedBy": "8bbf4be6-573d-45dd-8771-70d4a540883e", "newStatus": "delivered", "occurredAt": "2026-05-16T01:13:55.437Z", "restaurantId": "5b38ea02-dd73-40e4-8004-8aa7d5f87be4", "previousStatus": "out_for_delivery"}', 0, '2026-05-15 22:13:55.425691', NULL, NULL, NULL, NULL, NULL, NULL, '2026-05-15 22:13:55.425691'),
('8c36bfe8-9379-490d-976b-88b13a381ff2', '28597b2e-262e-43cc-888d-310fade0b4ef', 'order_preparing', '{"total": 327.2, "userId": "8bbf4be6-573d-45dd-8771-70d4a540883e", "orderId": "28597b2e-262e-43cc-888d-310fade0b4ef", "changedBy": "8bbf4be6-573d-45dd-8771-70d4a540883e", "newStatus": "preparing", "occurredAt": "2026-05-20T14:22:44.488Z", "restaurantId": "5b38ea02-dd73-40e4-8004-8aa7d5f87be4", "previousStatus": "confirmed"}', 0, '2026-05-20 11:22:44.478853', NULL, NULL, NULL, NULL, NULL, NULL, '2026-05-20 11:22:44.478853'),
('8eaa9528-ea75-4325-ab6d-28ee09cb2312', 'a34fdaf8-4c18-42fc-a83c-d4d0f6f07bba', 'order_preparing', '{"total": 74.9, "userId": "8bbf4be6-573d-45dd-8771-70d4a540883e", "orderId": "a34fdaf8-4c18-42fc-a83c-d4d0f6f07bba", "changedBy": "8bbf4be6-573d-45dd-8771-70d4a540883e", "newStatus": "preparing", "occurredAt": "2026-05-11T16:50:17.337Z", "restaurantId": "c2acb25a-756c-4d22-b96a-0e5e837340e7", "previousStatus": "confirmed"}', 0, '2026-05-11 13:50:17.250882', NULL, NULL, NULL, NULL, NULL, NULL, '2026-05-11 13:50:17.250882'),
('8ecb58bf-57b1-4724-8105-55de776b3530', '143be751-93de-4e03-ad68-3bb99d4296fe', 'order_confirmed', '{"total": 34.9, "userId": "8bbf4be6-573d-45dd-8771-70d4a540883e", "orderId": "143be751-93de-4e03-ad68-3bb99d4296fe", "changedBy": "8bbf4be6-573d-45dd-8771-70d4a540883e", "newStatus": "confirmed", "occurredAt": "2026-05-18T14:33:32.755Z", "restaurantId": "5b38ea02-dd73-40e4-8004-8aa7d5f87be4", "previousStatus": "pending"}', 0, '2026-05-18 11:33:32.508169', NULL, NULL, NULL, NULL, NULL, NULL, '2026-05-18 11:33:32.508169'),
('8f6beb00-d690-4c13-bcf6-e32f46a761d1', '03e07e39-08ce-4907-8be0-4e7b6e0f65fe', 'order_out_for_delivery', '{"total": 16.5, "userId": "8bbf4be6-573d-45dd-8771-70d4a540883e", "orderId": "03e07e39-08ce-4907-8be0-4e7b6e0f65fe", "changedBy": "8bbf4be6-573d-45dd-8771-70d4a540883e", "newStatus": "out_for_delivery", "occurredAt": "2026-05-16T16:55:12.034Z", "restaurantId": "5b38ea02-dd73-40e4-8004-8aa7d5f87be4", "previousStatus": "preparing"}', 0, '2026-05-16 13:55:12.017586', NULL, NULL, NULL, NULL, NULL, NULL, '2026-05-16 13:55:12.017586'),
('91f79afc-2c1b-433a-84ce-505f4b43b848', 'e80bbfe2-cb17-48eb-8cff-5996b31571a3', 'order_confirmed', '{"total": 199.4, "userId": "8bbf4be6-573d-45dd-8771-70d4a540883e", "orderId": "e80bbfe2-cb17-48eb-8cff-5996b31571a3", "changedBy": "8bbf4be6-573d-45dd-8771-70d4a540883e", "newStatus": "confirmed", "occurredAt": "2026-05-20T00:54:34.905Z", "restaurantId": "5b38ea02-dd73-40e4-8004-8aa7d5f87be4", "previousStatus": "pending"}', 0, '2026-05-19 21:54:34.87655', NULL, NULL, NULL, NULL, NULL, NULL, '2026-05-19 21:54:34.87655'),
('950d5bc6-1de0-4b7b-8f29-e8ee5c664c90', 'a3cf21a0-24b5-488a-90a8-4a1d3b446d00', 'order_out_for_delivery', '{"total": 273.1, "userId": "8bbf4be6-573d-45dd-8771-70d4a540883e", "orderId": "a3cf21a0-24b5-488a-90a8-4a1d3b446d00", "changedBy": "8bbf4be6-573d-45dd-8771-70d4a540883e", "newStatus": "out_for_delivery", "occurredAt": "2026-05-18T23:12:51.013Z", "restaurantId": "5b38ea02-dd73-40e4-8004-8aa7d5f87be4", "previousStatus": "preparing"}', 0, '2026-05-18 20:12:51.00779', NULL, NULL, NULL, NULL, NULL, NULL, '2026-05-18 20:12:51.00779'),
('986f2caf-fd50-48a1-9f8d-2d3563f60da3', 'a3cf21a0-24b5-488a-90a8-4a1d3b446d00', 'order_delivered', '{"total": 273.1, "userId": "8bbf4be6-573d-45dd-8771-70d4a540883e", "orderId": "a3cf21a0-24b5-488a-90a8-4a1d3b446d00", "changedBy": "8bbf4be6-573d-45dd-8771-70d4a540883e", "newStatus": "delivered", "occurredAt": "2026-05-18T23:12:56.447Z", "restaurantId": "5b38ea02-dd73-40e4-8004-8aa7d5f87be4", "previousStatus": "out_for_delivery"}', 0, '2026-05-18 20:12:56.440248', NULL, NULL, NULL, NULL, NULL, NULL, '2026-05-18 20:12:56.440248'),
('9b079392-42fe-4695-a92c-61dc5f894f17', 'af9378ae-04a5-4653-a90b-e949a9f33a1e', 'order_ready', '{"total": 64.8, "userId": "8bbf4be6-573d-45dd-8771-70d4a540883e", "orderId": "af9378ae-04a5-4653-a90b-e949a9f33a1e", "changedBy": "8bbf4be6-573d-45dd-8771-70d4a540883e", "newStatus": "order_ready", "occurredAt": "2026-05-18T01:20:07.653Z", "restaurantId": "5b38ea02-dd73-40e4-8004-8aa7d5f87be4", "previousStatus": "preparing"}', 0, '2026-05-17 22:20:07.644512', NULL, NULL, NULL, NULL, NULL, NULL, '2026-05-17 22:20:07.644512'),
('9ecfc056-1cb6-4063-8e10-118fcd8c07c7', '2cab400a-87f2-4d4a-9fc0-ed4a7abb88b6', 'order_confirmed', '{"total": 37.9, "userId": "8bbf4be6-573d-45dd-8771-70d4a540883e", "orderId": "2cab400a-87f2-4d4a-9fc0-ed4a7abb88b6", "changedBy": "8bbf4be6-573d-45dd-8771-70d4a540883e", "newStatus": "confirmed", "occurredAt": "2026-05-16T22:36:39.470Z", "restaurantId": "5b38ea02-dd73-40e4-8004-8aa7d5f87be4", "previousStatus": "pending"}', 0, '2026-05-16 19:36:39.342685', NULL, NULL, NULL, NULL, NULL, NULL, '2026-05-16 19:36:39.342685'),
('a79b8077-0b2d-4c82-8027-5c69153c66bc', 'f20e9afa-9119-4fa1-ae06-052e70d41db0', 'order_confirmed', '{"total": 36.9, "userId": "8bbf4be6-573d-45dd-8771-70d4a540883e", "orderId": "f20e9afa-9119-4fa1-ae06-052e70d41db0", "changedBy": "8bbf4be6-573d-45dd-8771-70d4a540883e", "newStatus": "confirmed", "occurredAt": "2026-05-13T17:20:30.440Z", "restaurantId": "5b38ea02-dd73-40e4-8004-8aa7d5f87be4", "previousStatus": "pending"}', 0, '2026-05-13 14:20:30.269201', NULL, NULL, NULL, NULL, NULL, NULL, '2026-05-13 14:20:30.269201'),
('a8eddfcf-489b-4575-a6b9-7d05f6afe7ce', 'ee760236-dba3-407f-a4f9-46c2b232833b', 'order_delivered', '{"total": 25.9, "userId": "8bbf4be6-573d-45dd-8771-70d4a540883e", "orderId": "ee760236-dba3-407f-a4f9-46c2b232833b", "changedBy": "8bbf4be6-573d-45dd-8771-70d4a540883e", "newStatus": "delivered", "occurredAt": "2026-05-05T18:20:30.936Z", "restaurantId": "877e21c3-e1bc-4e6b-abbf-4dac7877f03d", "previousStatus": "out_for_delivery"}', 0, '2026-05-05 15:20:30.933077', NULL, NULL, NULL, NULL, NULL, NULL, '2026-05-05 15:20:30.933077'),
('a9eefc0f-4fd4-4532-acbe-009656b03756', '06a6734e-9dcb-49ff-9fbc-7dd20e6f1f02', 'order_delivered', '{"total": 207, "userId": "8bbf4be6-573d-45dd-8771-70d4a540883e", "orderId": "06a6734e-9dcb-49ff-9fbc-7dd20e6f1f02", "changedBy": "8bbf4be6-573d-45dd-8771-70d4a540883e", "newStatus": "delivered", "occurredAt": "2026-05-17T16:37:03.054Z", "restaurantId": "5b38ea02-dd73-40e4-8004-8aa7d5f87be4", "previousStatus": "order_ready"}', 0, '2026-05-17 13:37:03.011089', NULL, NULL, NULL, NULL, NULL, NULL, '2026-05-17 13:37:03.011089'),
('ace1026b-703f-422b-9921-6d292bb224cd', '602676f1-5503-47a3-b51d-8878f3b78e10', 'order_confirmed', '{"total": 173.5, "userId": "8bbf4be6-573d-45dd-8771-70d4a540883e", "orderId": "602676f1-5503-47a3-b51d-8878f3b78e10", "changedBy": "8bbf4be6-573d-45dd-8771-70d4a540883e", "newStatus": "confirmed", "occurredAt": "2026-05-18T23:14:55.533Z", "restaurantId": "5b38ea02-dd73-40e4-8004-8aa7d5f87be4", "previousStatus": "pending"}', 0, '2026-05-18 20:14:55.50469', NULL, NULL, NULL, NULL, NULL, NULL, '2026-05-18 20:14:55.50469'),
('ae67e74b-6d07-478d-bf25-088374cfb8d7', 'ad234822-e1fd-497a-a8f1-76e04ef669cd', 'order_ready', '{"total": 489.3, "userId": "8bbf4be6-573d-45dd-8771-70d4a540883e", "orderId": "ad234822-e1fd-497a-a8f1-76e04ef669cd", "changedBy": "8bbf4be6-573d-45dd-8771-70d4a540883e", "newStatus": "order_ready", "occurredAt": "2026-05-16T22:30:56.959Z", "restaurantId": "5b38ea02-dd73-40e4-8004-8aa7d5f87be4", "previousStatus": "preparing"}', 0, '2026-05-16 19:30:56.952722', NULL, NULL, NULL, NULL, NULL, NULL, '2026-05-16 19:30:56.952722'),
('afa176a9-2568-4823-a1d9-b4f733391892', '4cea9739-54df-4319-95ce-2aad37af9f6f', 'order_preparing', '{"total": 161.6, "userId": "8bbf4be6-573d-45dd-8771-70d4a540883e", "orderId": "4cea9739-54df-4319-95ce-2aad37af9f6f", "changedBy": "8bbf4be6-573d-45dd-8771-70d4a540883e", "newStatus": "preparing", "occurredAt": "2026-05-14T16:30:08.680Z", "restaurantId": "5b38ea02-dd73-40e4-8004-8aa7d5f87be4", "previousStatus": "confirmed"}', 0, '2026-05-14 13:30:08.663857', NULL, NULL, NULL, NULL, NULL, NULL, '2026-05-14 13:30:08.663857'),
('b30aaaf8-8dfe-43a1-82a4-17f601db87af', '4ee1cfcf-e23b-47e3-aba0-db4760fcb347', 'order_confirmed', '{"total": 259.4, "userId": "8bbf4be6-573d-45dd-8771-70d4a540883e", "orderId": "4ee1cfcf-e23b-47e3-aba0-db4760fcb347", "changedBy": "8bbf4be6-573d-45dd-8771-70d4a540883e", "newStatus": "confirmed", "occurredAt": "2026-05-16T23:47:30.915Z", "restaurantId": "5b38ea02-dd73-40e4-8004-8aa7d5f87be4", "previousStatus": "pending"}', 0, '2026-05-16 20:47:30.89987', NULL, NULL, NULL, NULL, NULL, NULL, '2026-05-16 20:47:30.89987'),
('b3f66997-bf6f-4c71-a1f0-2f8b6dd706e5', 'aaa706a6-73ca-495c-8599-47df77dd39a1', 'order_confirmed', '{"total": 25.9, "userId": "8bbf4be6-573d-45dd-8771-70d4a540883e", "orderId": "aaa706a6-73ca-495c-8599-47df77dd39a1", "changedBy": "8bbf4be6-573d-45dd-8771-70d4a540883e", "newStatus": "confirmed", "occurredAt": "2026-05-18T14:52:28.775Z", "restaurantId": "5b38ea02-dd73-40e4-8004-8aa7d5f87be4", "previousStatus": "pending"}', 0, '2026-05-18 11:52:28.745376', NULL, NULL, NULL, NULL, NULL, NULL, '2026-05-18 11:52:28.745376'),
('b45ae740-986d-4645-b269-b3c4b237fd9d', '4ee1cfcf-e23b-47e3-aba0-db4760fcb347', 'order_ready', '{"total": 259.4, "userId": "8bbf4be6-573d-45dd-8771-70d4a540883e", "orderId": "4ee1cfcf-e23b-47e3-aba0-db4760fcb347", "changedBy": "8bbf4be6-573d-45dd-8771-70d4a540883e", "newStatus": "order_ready", "occurredAt": "2026-05-16T23:47:37.898Z", "restaurantId": "5b38ea02-dd73-40e4-8004-8aa7d5f87be4", "previousStatus": "preparing"}', 0, '2026-05-16 20:47:37.894287', NULL, NULL, NULL, NULL, NULL, NULL, '2026-05-16 20:47:37.894287'),
('b57c2722-4578-4821-a60f-3b58e5118ee3', '03e07e39-08ce-4907-8be0-4e7b6e0f65fe', 'order_preparing', '{"total": 16.5, "userId": "8bbf4be6-573d-45dd-8771-70d4a540883e", "orderId": "03e07e39-08ce-4907-8be0-4e7b6e0f65fe", "changedBy": "8bbf4be6-573d-45dd-8771-70d4a540883e", "newStatus": "preparing", "occurredAt": "2026-05-16T16:54:54.595Z", "restaurantId": "5b38ea02-dd73-40e4-8004-8aa7d5f87be4", "previousStatus": "confirmed"}', 0, '2026-05-16 13:54:54.588461', NULL, NULL, NULL, NULL, NULL, NULL, '2026-05-16 13:54:54.588461'),
('b6055526-61b2-413b-9598-0810f9a19156', '15a5c3b7-39a9-4143-8f71-267bc833e9dd', 'order_confirmed', '{"total": 27.9, "userId": "8bbf4be6-573d-45dd-8771-70d4a540883e", "orderId": "15a5c3b7-39a9-4143-8f71-267bc833e9dd", "changedBy": "8bbf4be6-573d-45dd-8771-70d4a540883e", "newStatus": "confirmed", "occurredAt": "2026-05-17T16:22:24.252Z", "restaurantId": "5b38ea02-dd73-40e4-8004-8aa7d5f87be4", "previousStatus": "pending"}', 0, '2026-05-17 13:22:24.142665', NULL, NULL, NULL, NULL, NULL, NULL, '2026-05-17 13:22:24.142665'),
('b6336954-5eff-4ba9-85e0-56925b734447', 'c052458d-8228-47a8-a7fc-4ddf12de641b', 'order_ready', '{"total": 375.1, "userId": "8bbf4be6-573d-45dd-8771-70d4a540883e", "orderId": "c052458d-8228-47a8-a7fc-4ddf12de641b", "changedBy": "8bbf4be6-573d-45dd-8771-70d4a540883e", "newStatus": "order_ready", "occurredAt": "2026-05-16T23:46:41.612Z", "restaurantId": "5b38ea02-dd73-40e4-8004-8aa7d5f87be4", "previousStatus": "preparing"}', 0, '2026-05-16 20:46:41.550704', NULL, NULL, NULL, NULL, NULL, NULL, '2026-05-16 20:46:41.550704'),
('b6a9f32c-4768-4461-9cd2-d36abb1288e4', 'c052458d-8228-47a8-a7fc-4ddf12de641b', 'order_delivered', '{"total": 375.1, "userId": "8bbf4be6-573d-45dd-8771-70d4a540883e", "orderId": "c052458d-8228-47a8-a7fc-4ddf12de641b", "changedBy": "8bbf4be6-573d-45dd-8771-70d4a540883e", "newStatus": "delivered", "occurredAt": "2026-05-16T23:46:42.673Z", "restaurantId": "5b38ea02-dd73-40e4-8004-8aa7d5f87be4", "previousStatus": "order_ready"}', 0, '2026-05-16 20:46:42.663466', NULL, NULL, NULL, NULL, NULL, NULL, '2026-05-16 20:46:42.663466'),
('b73a25c8-4ec8-4936-914a-58a1c54d39d3', '8998ec65-e4b3-4e9b-b8a9-62860341d9da', 'order_delivered', '{"total": 36.9, "userId": "8bbf4be6-573d-45dd-8771-70d4a540883e", "orderId": "8998ec65-e4b3-4e9b-b8a9-62860341d9da", "changedBy": "8bbf4be6-573d-45dd-8771-70d4a540883e", "newStatus": "delivered", "occurredAt": "2026-05-17T16:26:25.873Z", "restaurantId": "5b38ea02-dd73-40e4-8004-8aa7d5f87be4", "previousStatus": "out_for_delivery"}', 0, '2026-05-17 13:26:25.86483', NULL, NULL, NULL, NULL, NULL, NULL, '2026-05-17 13:26:25.86483'),
('b9bec094-7e24-4b2f-83f4-624605019111', 'e80bbfe2-cb17-48eb-8cff-5996b31571a3', 'order_out_for_delivery', '{"total": 199.4, "userId": "8bbf4be6-573d-45dd-8771-70d4a540883e", "orderId": "e80bbfe2-cb17-48eb-8cff-5996b31571a3", "changedBy": "8bbf4be6-573d-45dd-8771-70d4a540883e", "newStatus": "out_for_delivery", "occurredAt": "2026-05-20T00:54:46.374Z", "restaurantId": "5b38ea02-dd73-40e4-8004-8aa7d5f87be4", "previousStatus": "preparing"}', 0, '2026-05-19 21:54:46.361719', NULL, NULL, NULL, NULL, NULL, NULL, '2026-05-19 21:54:46.361719'),
('ba487e93-307f-417e-92d5-7d8784369c8b', 'a34fdaf8-4c18-42fc-a83c-d4d0f6f07bba', 'order_out_for_delivery', '{"total": 74.9, "userId": "8bbf4be6-573d-45dd-8771-70d4a540883e", "orderId": "a34fdaf8-4c18-42fc-a83c-d4d0f6f07bba", "changedBy": "8bbf4be6-573d-45dd-8771-70d4a540883e", "newStatus": "out_for_delivery", "occurredAt": "2026-05-11T16:50:22.707Z", "restaurantId": "c2acb25a-756c-4d22-b96a-0e5e837340e7", "previousStatus": "preparing"}', 0, '2026-05-11 13:50:22.702345', NULL, NULL, NULL, NULL, NULL, NULL, '2026-05-11 13:50:22.702345'),
('bc40f708-89bd-4286-910b-637285c4393f', 'e80bbfe2-cb17-48eb-8cff-5996b31571a3', 'order_delivered', '{"total": 199.4, "userId": "8bbf4be6-573d-45dd-8771-70d4a540883e", "orderId": "e80bbfe2-cb17-48eb-8cff-5996b31571a3", "changedBy": "8bbf4be6-573d-45dd-8771-70d4a540883e", "newStatus": "delivered", "occurredAt": "2026-05-20T00:54:48.623Z", "restaurantId": "5b38ea02-dd73-40e4-8004-8aa7d5f87be4", "previousStatus": "out_for_delivery"}', 0, '2026-05-19 21:54:48.618133', NULL, NULL, NULL, NULL, NULL, NULL, '2026-05-19 21:54:48.618133'),
('be4a2b7b-b3f7-411d-b026-581c949866d7', 'd8f873bb-a4b5-437c-a0d0-68a48ee43883', 'order_delivered', '{"total": 86.3, "userId": "8bbf4be6-573d-45dd-8771-70d4a540883e", "orderId": "d8f873bb-a4b5-437c-a0d0-68a48ee43883", "changedBy": "8bbf4be6-573d-45dd-8771-70d4a540883e", "newStatus": "delivered", "occurredAt": "2026-05-20T00:52:18.401Z", "restaurantId": "5b38ea02-dd73-40e4-8004-8aa7d5f87be4", "previousStatus": "out_for_delivery"}', 0, '2026-05-19 21:52:18.396607', NULL, NULL, NULL, NULL, NULL, NULL, '2026-05-19 21:52:18.396607'),
('c527475e-dccb-4ef3-b3ba-9105f5ed44c4', '84686d0f-6b15-4dca-9381-35bc1e3f7680', 'order_confirmed', '{"total": 369, "userId": "8bbf4be6-573d-45dd-8771-70d4a540883e", "orderId": "84686d0f-6b15-4dca-9381-35bc1e3f7680", "changedBy": "8bbf4be6-573d-45dd-8771-70d4a540883e", "newStatus": "confirmed", "occurredAt": "2026-05-20T00:53:22.179Z", "restaurantId": "5b38ea02-dd73-40e4-8004-8aa7d5f87be4", "previousStatus": "pending"}', 0, '2026-05-19 21:53:22.147305', NULL, NULL, NULL, NULL, NULL, NULL, '2026-05-19 21:53:22.147305'),
('c56eee84-4fb2-42d8-9778-4a34499b5c62', '55fdf16f-e9e4-493a-bf12-57bd20bb2e5c', 'order_out_for_delivery', '{"total": 174.5, "userId": "8bbf4be6-573d-45dd-8771-70d4a540883e", "orderId": "55fdf16f-e9e4-493a-bf12-57bd20bb2e5c", "changedBy": "8bbf4be6-573d-45dd-8771-70d4a540883e", "newStatus": "out_for_delivery", "occurredAt": "2026-05-16T22:47:58.792Z", "restaurantId": "5b38ea02-dd73-40e4-8004-8aa7d5f87be4", "previousStatus": "preparing"}', 0, '2026-05-16 19:47:58.774452', NULL, NULL, NULL, NULL, NULL, NULL, '2026-05-16 19:47:58.774452'),
('c6796112-b826-4a5c-b544-b6374da7a2fc', '6bfeff23-19ef-4a81-a08c-e9415e54c44e', 'order_cancelled', '{"total": 314.1, "userId": "8bbf4be6-573d-45dd-8771-70d4a540883e", "orderId": "6bfeff23-19ef-4a81-a08c-e9415e54c44e", "changedBy": "8bbf4be6-573d-45dd-8771-70d4a540883e", "newStatus": "cancelled", "occurredAt": "2026-05-20T00:56:59.104Z", "restaurantId": "5b38ea02-dd73-40e4-8004-8aa7d5f87be4", "previousStatus": "confirmed"}', 0, '2026-05-19 21:56:59.100413', NULL, NULL, NULL, NULL, NULL, NULL, '2026-05-19 21:56:59.100413'),
('ca66e7ce-8ecf-4f19-b468-d93dc2f4265a', '84686d0f-6b15-4dca-9381-35bc1e3f7680', 'order_preparing', '{"total": 369, "userId": "8bbf4be6-573d-45dd-8771-70d4a540883e", "orderId": "84686d0f-6b15-4dca-9381-35bc1e3f7680", "changedBy": "8bbf4be6-573d-45dd-8771-70d4a540883e", "newStatus": "preparing", "occurredAt": "2026-05-20T00:53:30.060Z", "restaurantId": "5b38ea02-dd73-40e4-8004-8aa7d5f87be4", "previousStatus": "confirmed"}', 0, '2026-05-19 21:53:30.024337', NULL, NULL, NULL, NULL, NULL, NULL, '2026-05-19 21:53:30.024337'),
('cb45d936-e20d-4c08-988a-6829160dcaf9', '143be751-93de-4e03-ad68-3bb99d4296fe', 'order_delivered', '{"total": 34.9, "userId": "8bbf4be6-573d-45dd-8771-70d4a540883e", "orderId": "143be751-93de-4e03-ad68-3bb99d4296fe", "changedBy": "8bbf4be6-573d-45dd-8771-70d4a540883e", "newStatus": "delivered", "occurredAt": "2026-05-18T14:47:17.326Z", "restaurantId": "5b38ea02-dd73-40e4-8004-8aa7d5f87be4", "previousStatus": "order_ready"}', 0, '2026-05-18 11:47:17.273359', NULL, NULL, NULL, NULL, NULL, NULL, '2026-05-18 11:47:17.273359'),
('cd0f2d63-e200-472c-a0ae-def40f8f5aa3', 'f20e9afa-9119-4fa1-ae06-052e70d41db0', 'order_out_for_delivery', '{"total": 36.9, "userId": "8bbf4be6-573d-45dd-8771-70d4a540883e", "orderId": "f20e9afa-9119-4fa1-ae06-052e70d41db0", "changedBy": "8bbf4be6-573d-45dd-8771-70d4a540883e", "newStatus": "out_for_delivery", "occurredAt": "2026-05-13T17:20:34.245Z", "restaurantId": "5b38ea02-dd73-40e4-8004-8aa7d5f87be4", "previousStatus": "preparing"}', 0, '2026-05-13 14:20:34.240635', NULL, NULL, NULL, NULL, NULL, NULL, '2026-05-13 14:20:34.240635'),
('ce1934c5-29ff-4731-b01c-94c7043f04fb', '3fd6f469-34bc-4258-8bcf-1631428f0478', 'order_cancelled', '{"total": 40.9, "userId": "8bbf4be6-573d-45dd-8771-70d4a540883e", "orderId": "3fd6f469-34bc-4258-8bcf-1631428f0478", "changedBy": "8bbf4be6-573d-45dd-8771-70d4a540883e", "newStatus": "cancelled", "occurredAt": "2026-05-14T17:15:53.936Z", "restaurantId": "5b38ea02-dd73-40e4-8004-8aa7d5f87be4", "previousStatus": "confirmed"}', 0, '2026-05-14 14:15:53.908672', NULL, NULL, NULL, NULL, NULL, NULL, '2026-05-14 14:15:53.908672'),
('cea4fccd-03a1-488d-8d08-be54fb5d4377', '143be751-93de-4e03-ad68-3bb99d4296fe', 'order_ready', '{"total": 34.9, "userId": "8bbf4be6-573d-45dd-8771-70d4a540883e", "orderId": "143be751-93de-4e03-ad68-3bb99d4296fe", "changedBy": "8bbf4be6-573d-45dd-8771-70d4a540883e", "newStatus": "order_ready", "occurredAt": "2026-05-18T14:35:37.595Z", "restaurantId": "5b38ea02-dd73-40e4-8004-8aa7d5f87be4", "previousStatus": "preparing"}', 0, '2026-05-18 11:35:37.544049', NULL, NULL, NULL, NULL, NULL, NULL, '2026-05-18 11:35:37.544049'),
('d1f8112a-90c9-429a-b669-4eb32987bbca', '3ce3554a-f143-4cce-a2dc-2e5ece4d6fae', 'order_preparing', '{"total": 17.9, "userId": "8bbf4be6-573d-45dd-8771-70d4a540883e", "orderId": "3ce3554a-f143-4cce-a2dc-2e5ece4d6fae", "changedBy": "8bbf4be6-573d-45dd-8771-70d4a540883e", "newStatus": "preparing", "occurredAt": "2026-05-16T17:28:14.177Z", "restaurantId": "5b38ea02-dd73-40e4-8004-8aa7d5f87be4", "previousStatus": "confirmed"}', 0, '2026-05-16 14:28:14.155624', NULL, NULL, NULL, NULL, NULL, NULL, '2026-05-16 14:28:14.155624'),
('d2cbed64-3432-4aee-a6a7-dcbd30f10e19', 'c052458d-8228-47a8-a7fc-4ddf12de641b', 'order_preparing', '{"total": 375.1, "userId": "8bbf4be6-573d-45dd-8771-70d4a540883e", "orderId": "c052458d-8228-47a8-a7fc-4ddf12de641b", "changedBy": "8bbf4be6-573d-45dd-8771-70d4a540883e", "newStatus": "preparing", "occurredAt": "2026-05-16T23:46:40.551Z", "restaurantId": "5b38ea02-dd73-40e4-8004-8aa7d5f87be4", "previousStatus": "confirmed"}', 0, '2026-05-16 20:46:40.545967', NULL, NULL, NULL, NULL, NULL, NULL, '2026-05-16 20:46:40.545967'),
('d3307a2a-0f22-4ce2-92df-ad610ee14a2f', '6bfeff23-19ef-4a81-a08c-e9415e54c44e', 'order_confirmed', '{"total": 314.1, "userId": "8bbf4be6-573d-45dd-8771-70d4a540883e", "orderId": "6bfeff23-19ef-4a81-a08c-e9415e54c44e", "changedBy": "8bbf4be6-573d-45dd-8771-70d4a540883e", "newStatus": "confirmed", "occurredAt": "2026-05-20T00:56:55.061Z", "restaurantId": "5b38ea02-dd73-40e4-8004-8aa7d5f87be4", "previousStatus": "pending"}', 0, '2026-05-19 21:56:55.033941', NULL, NULL, NULL, NULL, NULL, NULL, '2026-05-19 21:56:55.033941'),
('d56fcfb1-16f3-4b68-ab40-225373c3277e', '3ce3554a-f143-4cce-a2dc-2e5ece4d6fae', 'order_delivered', '{"total": 17.9, "userId": "8bbf4be6-573d-45dd-8771-70d4a540883e", "orderId": "3ce3554a-f143-4cce-a2dc-2e5ece4d6fae", "changedBy": "8bbf4be6-573d-45dd-8771-70d4a540883e", "newStatus": "delivered", "occurredAt": "2026-05-16T22:21:02.947Z", "restaurantId": "5b38ea02-dd73-40e4-8004-8aa7d5f87be4", "previousStatus": "order_ready"}', 0, '2026-05-16 19:21:02.940263', NULL, NULL, NULL, NULL, NULL, NULL, '2026-05-16 19:21:02.940263'),
('d78d7f23-bf17-406a-b260-9cc28c50cc90', 'a3cf21a0-24b5-488a-90a8-4a1d3b446d00', 'order_confirmed', '{"total": 273.1, "userId": "8bbf4be6-573d-45dd-8771-70d4a540883e", "orderId": "a3cf21a0-24b5-488a-90a8-4a1d3b446d00", "changedBy": "8bbf4be6-573d-45dd-8771-70d4a540883e", "newStatus": "confirmed", "occurredAt": "2026-05-18T23:12:27.930Z", "restaurantId": "5b38ea02-dd73-40e4-8004-8aa7d5f87be4", "previousStatus": "pending"}', 0, '2026-05-18 20:12:27.675624', NULL, NULL, NULL, NULL, NULL, NULL, '2026-05-18 20:12:27.675624'),
('daf1ee6e-aa1c-4153-8d8a-5c7463e1ff52', '3ce3554a-f143-4cce-a2dc-2e5ece4d6fae', 'order_ready', '{"total": 17.9, "userId": "8bbf4be6-573d-45dd-8771-70d4a540883e", "orderId": "3ce3554a-f143-4cce-a2dc-2e5ece4d6fae", "changedBy": "8bbf4be6-573d-45dd-8771-70d4a540883e", "newStatus": "order_ready", "occurredAt": "2026-05-16T22:20:55.444Z", "restaurantId": "5b38ea02-dd73-40e4-8004-8aa7d5f87be4", "previousStatus": "preparing"}', 0, '2026-05-16 19:20:55.272067', NULL, NULL, NULL, NULL, NULL, NULL, '2026-05-16 19:20:55.272067'),
('dc1f3752-a60b-4c78-b890-640c7de9f908', 'a3b2fb9f-7f6a-4f89-a341-e63574f78be7', 'order_out_for_delivery', '{"total": 74.9, "userId": "8bbf4be6-573d-45dd-8771-70d4a540883e", "orderId": "a3b2fb9f-7f6a-4f89-a341-e63574f78be7", "changedBy": "8bbf4be6-573d-45dd-8771-70d4a540883e", "newStatus": "out_for_delivery", "occurredAt": "2026-05-13T02:06:54.392Z", "restaurantId": "c2acb25a-756c-4d22-b96a-0e5e837340e7", "previousStatus": "preparing"}', 0, '2026-05-12 23:06:54.366173', NULL, NULL, NULL, NULL, NULL, NULL, '2026-05-12 23:06:54.366173'),
('de06d5c8-4749-45d8-aad2-7caa8ae455dd', 'f22685a0-3328-4edb-aa31-b3578dc2ed84', 'order_out_for_delivery', '{"total": 27.9, "userId": "8bbf4be6-573d-45dd-8771-70d4a540883e", "orderId": "f22685a0-3328-4edb-aa31-b3578dc2ed84", "changedBy": "8bbf4be6-573d-45dd-8771-70d4a540883e", "newStatus": "out_for_delivery", "occurredAt": "2026-05-11T16:35:57.120Z", "restaurantId": "da485137-42c8-4986-84ff-979952074df4", "previousStatus": "preparing"}', 0, '2026-05-11 13:35:57.116853', NULL, NULL, NULL, NULL, NULL, NULL, '2026-05-11 13:35:57.116853'),
('e08eeb79-602b-44f9-8e0d-720cb40e9905', '8d1fcb82-51d8-495d-a95f-028560d78e2a', 'order_delivered', '{"total": 194.6, "userId": "8bbf4be6-573d-45dd-8771-70d4a540883e", "orderId": "8d1fcb82-51d8-495d-a95f-028560d78e2a", "changedBy": "8bbf4be6-573d-45dd-8771-70d4a540883e", "newStatus": "delivered", "occurredAt": "2026-05-14T22:07:42.476Z", "restaurantId": "5b38ea02-dd73-40e4-8004-8aa7d5f87be4", "previousStatus": "out_for_delivery"}', 0, '2026-05-14 19:07:42.357776', NULL, NULL, NULL, NULL, NULL, NULL, '2026-05-14 19:07:42.357776'),
('e09ae09f-fa52-4928-b57c-4b9655ebde24', 'f22685a0-3328-4edb-aa31-b3578dc2ed84', 'order_confirmed', '{"total": 27.9, "userId": "8bbf4be6-573d-45dd-8771-70d4a540883e", "orderId": "f22685a0-3328-4edb-aa31-b3578dc2ed84", "changedBy": "8bbf4be6-573d-45dd-8771-70d4a540883e", "newStatus": "confirmed", "occurredAt": "2026-05-11T16:34:01.029Z", "restaurantId": "da485137-42c8-4986-84ff-979952074df4", "previousStatus": "pending"}', 0, '2026-05-11 13:34:00.968278', NULL, NULL, NULL, NULL, NULL, NULL, '2026-05-11 13:34:00.968278'),
('e0acb622-2c95-447d-aaf9-f027f0461e22', '8d1fcb82-51d8-495d-a95f-028560d78e2a', 'order_preparing', '{"total": 194.6, "userId": "8bbf4be6-573d-45dd-8771-70d4a540883e", "orderId": "8d1fcb82-51d8-495d-a95f-028560d78e2a", "changedBy": "8bbf4be6-573d-45dd-8771-70d4a540883e", "newStatus": "preparing", "occurredAt": "2026-05-14T21:53:29.934Z", "restaurantId": "5b38ea02-dd73-40e4-8004-8aa7d5f87be4", "previousStatus": "confirmed"}', 0, '2026-05-14 18:53:29.877141', NULL, NULL, NULL, NULL, NULL, NULL, '2026-05-14 18:53:29.877141'),
('e3419b0c-2c23-4fdc-91d1-a7c53af5f4fd', 'c052458d-8228-47a8-a7fc-4ddf12de641b', 'order_confirmed', '{"total": 375.1, "userId": "8bbf4be6-573d-45dd-8771-70d4a540883e", "orderId": "c052458d-8228-47a8-a7fc-4ddf12de641b", "changedBy": "8bbf4be6-573d-45dd-8771-70d4a540883e", "newStatus": "confirmed", "occurredAt": "2026-05-16T23:46:39.514Z", "restaurantId": "5b38ea02-dd73-40e4-8004-8aa7d5f87be4", "previousStatus": "pending"}', 0, '2026-05-16 20:46:39.48623', NULL, NULL, NULL, NULL, NULL, NULL, '2026-05-16 20:46:39.48623'),
('e4fcb846-c4ee-4e6d-87a8-91f003fb4951', '03e07e39-08ce-4907-8be0-4e7b6e0f65fe', 'order_confirmed', '{"total": 16.5, "userId": "8bbf4be6-573d-45dd-8771-70d4a540883e", "orderId": "03e07e39-08ce-4907-8be0-4e7b6e0f65fe", "changedBy": "8bbf4be6-573d-45dd-8771-70d4a540883e", "newStatus": "confirmed", "occurredAt": "2026-05-16T16:54:51.122Z", "restaurantId": "5b38ea02-dd73-40e4-8004-8aa7d5f87be4", "previousStatus": "pending"}', 0, '2026-05-16 13:54:51.074713', NULL, NULL, NULL, NULL, NULL, NULL, '2026-05-16 13:54:51.074713'),
('e5267ed3-7fdc-449c-b14b-ca8c620d485c', '5443a986-62c5-40d0-a72d-45dc06eb98a4', 'order_out_for_delivery', '{"total": 34.9, "userId": "8bbf4be6-573d-45dd-8771-70d4a540883e", "orderId": "5443a986-62c5-40d0-a72d-45dc06eb98a4", "changedBy": "8bbf4be6-573d-45dd-8771-70d4a540883e", "newStatus": "out_for_delivery", "occurredAt": "2026-05-14T00:26:56.675Z", "restaurantId": "5b38ea02-dd73-40e4-8004-8aa7d5f87be4", "previousStatus": "preparing"}', 0, '2026-05-13 21:26:56.662399', NULL, NULL, NULL, NULL, NULL, NULL, '2026-05-13 21:26:56.662399'),
('e5f62e6d-9fc6-414c-b4cf-8377e24e190f', '06a6734e-9dcb-49ff-9fbc-7dd20e6f1f02', 'order_preparing', '{"total": 207, "userId": "8bbf4be6-573d-45dd-8771-70d4a540883e", "orderId": "06a6734e-9dcb-49ff-9fbc-7dd20e6f1f02", "changedBy": "8bbf4be6-573d-45dd-8771-70d4a540883e", "newStatus": "preparing", "occurredAt": "2026-05-17T16:36:46.224Z", "restaurantId": "5b38ea02-dd73-40e4-8004-8aa7d5f87be4", "previousStatus": "confirmed"}', 0, '2026-05-17 13:36:46.210256', NULL, NULL, NULL, NULL, NULL, NULL, '2026-05-17 13:36:46.210256'),
('e74aa923-feee-41f3-9ec0-1a11523b9b12', 'a34fdaf8-4c18-42fc-a83c-d4d0f6f07bba', 'order_confirmed', '{"total": 74.9, "userId": "8bbf4be6-573d-45dd-8771-70d4a540883e", "orderId": "a34fdaf8-4c18-42fc-a83c-d4d0f6f07bba", "changedBy": "8bbf4be6-573d-45dd-8771-70d4a540883e", "newStatus": "confirmed", "occurredAt": "2026-05-11T16:49:21.044Z", "restaurantId": "c2acb25a-756c-4d22-b96a-0e5e837340e7", "previousStatus": "pending"}', 0, '2026-05-11 13:49:21.015573', NULL, NULL, NULL, NULL, NULL, NULL, '2026-05-11 13:49:21.015573'),
('e8408f7b-d03c-48ab-a0fc-aae667ff5f93', '5443a986-62c5-40d0-a72d-45dc06eb98a4', 'order_delivered', '{"total": 34.9, "userId": "8bbf4be6-573d-45dd-8771-70d4a540883e", "orderId": "5443a986-62c5-40d0-a72d-45dc06eb98a4", "changedBy": "8bbf4be6-573d-45dd-8771-70d4a540883e", "newStatus": "delivered", "occurredAt": "2026-05-14T00:26:59.522Z", "restaurantId": "5b38ea02-dd73-40e4-8004-8aa7d5f87be4", "previousStatus": "out_for_delivery"}', 0, '2026-05-13 21:26:59.493823', NULL, NULL, NULL, NULL, NULL, NULL, '2026-05-13 21:26:59.493823'),
('e84f0218-f85a-4431-add3-c5b98f808ebe', '28597b2e-262e-43cc-888d-310fade0b4ef', 'order_delivered', '{"total": 327.2, "userId": "8bbf4be6-573d-45dd-8771-70d4a540883e", "orderId": "28597b2e-262e-43cc-888d-310fade0b4ef", "changedBy": "8bbf4be6-573d-45dd-8771-70d4a540883e", "newStatus": "delivered", "occurredAt": "2026-05-20T14:22:56.723Z", "restaurantId": "5b38ea02-dd73-40e4-8004-8aa7d5f87be4", "previousStatus": "out_for_delivery"}', 0, '2026-05-20 11:22:56.717847', NULL, NULL, NULL, NULL, NULL, NULL, '2026-05-20 11:22:56.717847'),
('e881ed9b-f86d-4551-a329-06422ee302fa', '00ada82f-efcf-43dc-8e0e-847e71e2f676', 'order_preparing', '{"total": 52.9, "userId": "8bbf4be6-573d-45dd-8771-70d4a540883e", "orderId": "00ada82f-efcf-43dc-8e0e-847e71e2f676", "changedBy": "8bbf4be6-573d-45dd-8771-70d4a540883e", "newStatus": "preparing", "occurredAt": "2026-05-06T21:17:17.443Z", "restaurantId": "41e98c14-163e-4341-9747-9f76b77a1618", "previousStatus": "confirmed"}', 0, '2026-05-06 18:17:17.396634', NULL, NULL, NULL, NULL, NULL, NULL, '2026-05-06 18:17:17.396634'),
('e9e05920-506a-40dc-abb8-470d1bae267b', '2346952f-6ef8-4f9f-bdd2-6f1df8ca9f2e', 'order_delivered', '{"total": 52.9, "userId": "8bbf4be6-573d-45dd-8771-70d4a540883e", "orderId": "2346952f-6ef8-4f9f-bdd2-6f1df8ca9f2e", "changedBy": "8bbf4be6-573d-45dd-8771-70d4a540883e", "newStatus": "delivered", "occurredAt": "2026-05-11T15:53:44.760Z", "restaurantId": "41e98c14-163e-4341-9747-9f76b77a1618", "previousStatus": "out_for_delivery"}', 0, '2026-05-11 12:53:44.721718', NULL, NULL, NULL, NULL, NULL, NULL, '2026-05-11 12:53:44.721718'),
('ec641067-a01f-40a8-91cc-c5ea85e6acd5', '59ba9ec6-be69-41dd-8184-de4e4787863d', 'order_confirmed', '{"total": 89.9, "userId": "8bbf4be6-573d-45dd-8771-70d4a540883e", "orderId": "59ba9ec6-be69-41dd-8184-de4e4787863d", "changedBy": "8bbf4be6-573d-45dd-8771-70d4a540883e", "newStatus": "confirmed", "occurredAt": "2026-05-16T01:26:24.323Z", "restaurantId": "5b38ea02-dd73-40e4-8004-8aa7d5f87be4", "previousStatus": "pending"}', 0, '2026-05-15 22:26:24.278376', NULL, NULL, NULL, NULL, NULL, NULL, '2026-05-15 22:26:24.278376'),
('ed2f9f9a-3155-409f-a35d-6c6f99408209', 'f20e9afa-9119-4fa1-ae06-052e70d41db0', 'order_preparing', '{"total": 36.9, "userId": "8bbf4be6-573d-45dd-8771-70d4a540883e", "orderId": "f20e9afa-9119-4fa1-ae06-052e70d41db0", "changedBy": "8bbf4be6-573d-45dd-8771-70d4a540883e", "newStatus": "preparing", "occurredAt": "2026-05-13T17:20:32.250Z", "restaurantId": "5b38ea02-dd73-40e4-8004-8aa7d5f87be4", "previousStatus": "confirmed"}', 0, '2026-05-13 14:20:32.23028', NULL, NULL, NULL, NULL, NULL, NULL, '2026-05-13 14:20:32.23028'),
('edb36d71-6725-41a7-9113-52586b8ce0aa', '0ab62943-893e-419a-8e6e-f29e5fc7dcad', 'order_cancelled', '{"total": 231.3, "userId": "8bbf4be6-573d-45dd-8771-70d4a540883e", "orderId": "0ab62943-893e-419a-8e6e-f29e5fc7dcad", "changedBy": "8bbf4be6-573d-45dd-8771-70d4a540883e", "newStatus": "cancelled", "occurredAt": "2026-05-16T01:17:43.955Z", "restaurantId": "5b38ea02-dd73-40e4-8004-8aa7d5f87be4", "previousStatus": "confirmed"}', 0, '2026-05-15 22:17:43.952374', NULL, NULL, NULL, NULL, NULL, NULL, '2026-05-15 22:17:43.952374'),
('ee209607-88e4-4871-bcd6-896ecd58e988', '55fdf16f-e9e4-493a-bf12-57bd20bb2e5c', 'order_delivered', '{"total": 174.5, "userId": "8bbf4be6-573d-45dd-8771-70d4a540883e", "orderId": "55fdf16f-e9e4-493a-bf12-57bd20bb2e5c", "changedBy": "8bbf4be6-573d-45dd-8771-70d4a540883e", "newStatus": "delivered", "occurredAt": "2026-05-16T22:48:03.453Z", "restaurantId": "5b38ea02-dd73-40e4-8004-8aa7d5f87be4", "previousStatus": "out_for_delivery"}', 0, '2026-05-16 19:48:03.44772', NULL, NULL, NULL, NULL, NULL, NULL, '2026-05-16 19:48:03.44772'),
('eecf1bb4-545b-4dbf-8775-eb657dd75da7', 'f22685a0-3328-4edb-aa31-b3578dc2ed84', 'order_preparing', '{"total": 27.9, "userId": "8bbf4be6-573d-45dd-8771-70d4a540883e", "orderId": "f22685a0-3328-4edb-aa31-b3578dc2ed84", "changedBy": "8bbf4be6-573d-45dd-8771-70d4a540883e", "newStatus": "preparing", "occurredAt": "2026-05-11T16:35:52.580Z", "restaurantId": "da485137-42c8-4986-84ff-979952074df4", "previousStatus": "confirmed"}', 0, '2026-05-11 13:35:52.457763', NULL, NULL, NULL, NULL, NULL, NULL, '2026-05-11 13:35:52.457763'),
('ef18fccb-d05b-4639-b1a2-a63a8fa2c792', 'a3cf21a0-24b5-488a-90a8-4a1d3b446d00', 'order_preparing', '{"total": 273.1, "userId": "8bbf4be6-573d-45dd-8771-70d4a540883e", "orderId": "a3cf21a0-24b5-488a-90a8-4a1d3b446d00", "changedBy": "8bbf4be6-573d-45dd-8771-70d4a540883e", "newStatus": "preparing", "occurredAt": "2026-05-18T23:12:42.397Z", "restaurantId": "5b38ea02-dd73-40e4-8004-8aa7d5f87be4", "previousStatus": "confirmed"}', 0, '2026-05-18 20:12:42.38173', NULL, NULL, NULL, NULL, NULL, NULL, '2026-05-18 20:12:42.38173'),
('ef24f5ed-1dcf-4925-b638-959b6269137d', 'b55989fb-3da8-412f-9992-3b8c7b097514', 'order_confirmed', '{"total": 74.9, "userId": "8bbf4be6-573d-45dd-8771-70d4a540883e", "orderId": "b55989fb-3da8-412f-9992-3b8c7b097514", "changedBy": "8bbf4be6-573d-45dd-8771-70d4a540883e", "newStatus": "confirmed", "occurredAt": "2026-05-12T16:06:43.900Z", "restaurantId": "c2acb25a-756c-4d22-b96a-0e5e837340e7", "previousStatus": "pending"}', 0, '2026-05-12 13:06:43.594286', NULL, NULL, NULL, NULL, NULL, NULL, '2026-05-12 13:06:43.594286'),
('f2ae8ffc-c19d-4e44-8a87-93ad3cc3058d', '8998ec65-e4b3-4e9b-b8a9-62860341d9da', 'order_confirmed', '{"total": 36.9, "userId": "8bbf4be6-573d-45dd-8771-70d4a540883e", "orderId": "8998ec65-e4b3-4e9b-b8a9-62860341d9da", "changedBy": "8bbf4be6-573d-45dd-8771-70d4a540883e", "newStatus": "confirmed", "occurredAt": "2026-05-17T16:25:46.001Z", "restaurantId": "5b38ea02-dd73-40e4-8004-8aa7d5f87be4", "previousStatus": "pending"}', 0, '2026-05-17 13:25:45.968011', NULL, NULL, NULL, NULL, NULL, NULL, '2026-05-17 13:25:45.968011'),
('f3b907d8-6879-43e1-97f9-ef9a0deb159f', '2cab400a-87f2-4d4a-9fc0-ed4a7abb88b6', 'order_cancelled', '{"total": 37.9, "userId": "8bbf4be6-573d-45dd-8771-70d4a540883e", "orderId": "2cab400a-87f2-4d4a-9fc0-ed4a7abb88b6", "changedBy": "8bbf4be6-573d-45dd-8771-70d4a540883e", "newStatus": "cancelled", "occurredAt": "2026-05-16T22:36:46.930Z", "restaurantId": "5b38ea02-dd73-40e4-8004-8aa7d5f87be4", "previousStatus": "confirmed"}', 0, '2026-05-16 19:36:46.904765', NULL, NULL, NULL, NULL, NULL, NULL, '2026-05-16 19:36:46.904765'),
('f40b33db-d20e-4432-91ce-f7a92180e8cb', 'cea2b6c7-87c2-4000-ac78-4134afcff355', 'order_cancelled', '{"total": 22.9, "userId": "8bbf4be6-573d-45dd-8771-70d4a540883e", "orderId": "cea2b6c7-87c2-4000-ac78-4134afcff355", "changedBy": "8bbf4be6-573d-45dd-8771-70d4a540883e", "newStatus": "cancelled", "occurredAt": "2026-05-11T17:53:54.299Z", "restaurantId": "44270c6b-0814-4439-9ee0-d56b173feb5e", "previousStatus": "pending"}', 0, '2026-05-11 14:53:54.004679', NULL, NULL, NULL, NULL, NULL, NULL, '2026-05-11 14:53:54.004679'),
('f5a88b7d-03b9-4587-9905-5bea278879bf', 'aaa706a6-73ca-495c-8599-47df77dd39a1', 'order_preparing', '{"total": 25.9, "userId": "8bbf4be6-573d-45dd-8771-70d4a540883e", "orderId": "aaa706a6-73ca-495c-8599-47df77dd39a1", "changedBy": "8bbf4be6-573d-45dd-8771-70d4a540883e", "newStatus": "preparing", "occurredAt": "2026-05-18T14:52:35.461Z", "restaurantId": "5b38ea02-dd73-40e4-8004-8aa7d5f87be4", "previousStatus": "confirmed"}', 0, '2026-05-18 11:52:35.430954', NULL, NULL, NULL, NULL, NULL, NULL, '2026-05-18 11:52:35.430954'),
('f9a977b1-abc5-4966-8281-133914fc8dca', '7498414f-135c-4e8e-9765-2937728a6d05', 'order_preparing', '{"total": 106.9, "userId": "8bbf4be6-573d-45dd-8771-70d4a540883e", "orderId": "7498414f-135c-4e8e-9765-2937728a6d05", "changedBy": "8bbf4be6-573d-45dd-8771-70d4a540883e", "newStatus": "preparing", "occurredAt": "2026-05-16T01:12:01.484Z", "restaurantId": "5b38ea02-dd73-40e4-8004-8aa7d5f87be4", "previousStatus": "confirmed"}', 0, '2026-05-15 22:12:01.469419', NULL, NULL, NULL, NULL, NULL, NULL, '2026-05-15 22:12:01.469419'),
('fc703ee1-2539-4306-b7e7-0097a65db175', '4ee1cfcf-e23b-47e3-aba0-db4760fcb347', 'order_preparing', '{"total": 259.4, "userId": "8bbf4be6-573d-45dd-8771-70d4a540883e", "orderId": "4ee1cfcf-e23b-47e3-aba0-db4760fcb347", "changedBy": "8bbf4be6-573d-45dd-8771-70d4a540883e", "newStatus": "preparing", "occurredAt": "2026-05-16T23:47:36.086Z", "restaurantId": "5b38ea02-dd73-40e4-8004-8aa7d5f87be4", "previousStatus": "confirmed"}', 0, '2026-05-16 20:47:36.07763', NULL, NULL, NULL, NULL, NULL, NULL, '2026-05-16 20:47:36.07763'),
('fcdd836e-8f7e-4949-9b5f-64a3a9565d74', 'ee760236-dba3-407f-a4f9-46c2b232833b', 'order_out_for_delivery', '{"total": 25.9, "userId": "8bbf4be6-573d-45dd-8771-70d4a540883e", "orderId": "ee760236-dba3-407f-a4f9-46c2b232833b", "changedBy": "8bbf4be6-573d-45dd-8771-70d4a540883e", "newStatus": "out_for_delivery", "occurredAt": "2026-05-05T18:20:29.121Z", "restaurantId": "877e21c3-e1bc-4e6b-abbf-4dac7877f03d", "previousStatus": "preparing"}', 0, '2026-05-05 15:20:29.117668', NULL, NULL, NULL, NULL, NULL, NULL, '2026-05-05 15:20:29.117668'),
('fe1e19a2-c643-4589-8a15-023f5b0f781a', '7498414f-135c-4e8e-9765-2937728a6d05', 'order_confirmed', '{"total": 106.9, "userId": "8bbf4be6-573d-45dd-8771-70d4a540883e", "orderId": "7498414f-135c-4e8e-9765-2937728a6d05", "changedBy": "8bbf4be6-573d-45dd-8771-70d4a540883e", "newStatus": "confirmed", "occurredAt": "2026-05-16T01:11:11.929Z", "restaurantId": "5b38ea02-dd73-40e4-8004-8aa7d5f87be4", "previousStatus": "pending"}', 0, '2026-05-15 22:11:11.783284', NULL, NULL, NULL, NULL, NULL, NULL, '2026-05-15 22:11:11.783284'),
('fe7ead60-287d-4116-aee1-d084853ef2ca', 'af9378ae-04a5-4653-a90b-e949a9f33a1e', 'order_preparing', '{"total": 64.8, "userId": "8bbf4be6-573d-45dd-8771-70d4a540883e", "orderId": "af9378ae-04a5-4653-a90b-e949a9f33a1e", "changedBy": "8bbf4be6-573d-45dd-8771-70d4a540883e", "newStatus": "preparing", "occurredAt": "2026-05-18T01:20:03.447Z", "restaurantId": "5b38ea02-dd73-40e4-8004-8aa7d5f87be4", "previousStatus": "confirmed"}', 0, '2026-05-17 22:20:03.430862', NULL, NULL, NULL, NULL, NULL, NULL, '2026-05-17 22:20:03.430862'),
('ff445c67-bf0c-4cbe-81a9-82c8b84fd043', 'd8f873bb-a4b5-437c-a0d0-68a48ee43883', 'order_confirmed', '{"total": 86.3, "userId": "8bbf4be6-573d-45dd-8771-70d4a540883e", "orderId": "d8f873bb-a4b5-437c-a0d0-68a48ee43883", "changedBy": "8bbf4be6-573d-45dd-8771-70d4a540883e", "newStatus": "confirmed", "occurredAt": "2026-05-20T00:52:02.631Z", "restaurantId": "5b38ea02-dd73-40e4-8004-8aa7d5f87be4", "previousStatus": "pending"}', 0, '2026-05-19 21:52:02.303951', NULL, NULL, NULL, NULL, NULL, NULL, '2026-05-19 21:52:02.303951');

INSERT INTO "public"."order_types" ("id", "name") VALUES
('delivery', 'Entrega'),
('pickup', 'Retirada no local');

INSERT INTO "public"."orders" ("id", "user_id", "restaurant_id", "status", "total", "created_at", "updated_at", "confirmed_at", "cancelled_at", "delivery_address", "customer_name", "customer_phone", "payment_method", "notes", "delivery_fee", "delivery_type", "estimated_delivery_at", "subtotal") VALUES
('03e07e39-08ce-4907-8be0-4e7b6e0f65fe', '8bbf4be6-573d-45dd-8771-70d4a540883e', '5b38ea02-dd73-40e4-8004-8aa7d5f87be4', 'delivered', 16.50, '2026-05-16 13:54:31.551261', '2026-05-16 13:55:14.184211', '2026-05-16 13:54:51.074713', NULL, '', 'Luiza', '45124512555', 'pix', '', 0.00, 'pickup', NULL, 16.50),
('06a6734e-9dcb-49ff-9fbc-7dd20e6f1f02', '8bbf4be6-573d-45dd-8771-70d4a540883e', '5b38ea02-dd73-40e4-8004-8aa7d5f87be4', 'delivered', 207.00, '2026-05-17 13:29:21.299363', '2026-05-17 13:37:03.011089', '2026-05-17 13:36:32.304703', NULL, '', 'mariana', '45698745888', 'pix', 'sem cebola. Por favor, adicionar molhos da casa, canudos e guardanapos', 0.00, 'pickup', NULL, 207.00),
('0ab62943-893e-419a-8e6e-f29e5fc7dcad', '8bbf4be6-573d-45dd-8771-70d4a540883e', '5b38ea02-dd73-40e4-8004-8aa7d5f87be4', 'cancelled', 231.30, '2026-05-15 22:16:57.38495', '2026-05-15 22:17:43.952374', '2026-05-15 22:17:36.160209', '2026-05-15 22:17:43.952374', '', 'luana', '12532699999', 'credito', '', 0.00, 'pickup', NULL, 231.30),
('143be751-93de-4e03-ad68-3bb99d4296fe', '8bbf4be6-573d-45dd-8771-70d4a540883e', '5b38ea02-dd73-40e4-8004-8aa7d5f87be4', 'delivered', 34.90, '2026-05-18 11:33:03.900979', '2026-05-18 11:47:17.273359', '2026-05-18 11:33:32.508169', NULL, '', 'Cleide', '42156985699', 'credito', '', 0.00, 'pickup', NULL, 34.90),
('15a5c3b7-39a9-4143-8f71-267bc833e9dd', '8bbf4be6-573d-45dd-8771-70d4a540883e', '5b38ea02-dd73-40e4-8004-8aa7d5f87be4', 'delivered', 27.90, '2026-05-17 13:21:55.671748', '2026-05-17 13:22:52.358648', '2026-05-17 13:22:24.142665', NULL, 'rua das palmeiras, n 412', 'márcia', '52526369999', 'dinheiro', '', 8.00, 'delivery', NULL, 19.90),
('28597b2e-262e-43cc-888d-310fade0b4ef', '8bbf4be6-573d-45dd-8771-70d4a540883e', '5b38ea02-dd73-40e4-8004-8aa7d5f87be4', 'delivered', 327.20, '2026-05-20 11:22:22.789509', '2026-05-20 11:22:56.717847', '2026-05-20 11:22:34.883229', NULL, 'rua das palmeiras, qd 5, lt 8', 'Olivia', '45223669999', 'debito', '', 8.00, 'delivery', NULL, 319.20),
('2cab400a-87f2-4d4a-9fc0-ed4a7abb88b6', '8bbf4be6-573d-45dd-8771-70d4a540883e', '5b38ea02-dd73-40e4-8004-8aa7d5f87be4', 'cancelled', 37.90, '2026-05-16 19:33:18.016037', '2026-05-16 19:36:46.904765', '2026-05-16 19:36:39.342685', '2026-05-16 19:36:46.904765', '', 'cleide da silva fagundes ', '12421542152', 'credito', 'sem cebola, sem tomate, sem alface. Adicionar molhos e guardanapos ', 0.00, 'pickup', NULL, 37.90),
('3ce3554a-f143-4cce-a2dc-2e5ece4d6fae', '8bbf4be6-573d-45dd-8771-70d4a540883e', '5b38ea02-dd73-40e4-8004-8aa7d5f87be4', 'delivered', 17.90, '2026-05-16 14:28:02.415592', '2026-05-16 19:21:02.940263', '2026-05-16 14:28:12.324617', NULL, '', 'kelly', '45451255666', 'debito', '', 0.00, 'pickup', NULL, 17.90),
('3fd6f469-34bc-4258-8bcf-1631428f0478', '8bbf4be6-573d-45dd-8771-70d4a540883e', '5b38ea02-dd73-40e4-8004-8aa7d5f87be4', 'cancelled', 40.90, '2026-05-14 14:15:17.656302', '2026-05-14 14:15:53.908672', '2026-05-14 14:15:49.773224', '2026-05-14 14:15:53.908672', '', 'Lucas', '74754875488', 'dinheiro', 'sem cebola', 0.00, 'pickup', NULL, 40.90),
('4bb26973-c47f-42c6-b188-1a0c98a5f94a', '8bbf4be6-573d-45dd-8771-70d4a540883e', '5b38ea02-dd73-40e4-8004-8aa7d5f87be4', 'cancelled', 14.00, '2026-05-17 13:27:28.368284', '2026-05-17 13:27:53.688502', '2026-05-17 13:27:47.678046', '2026-05-17 13:27:53.688502', 'cruzeiro do sul, lote 12', 'ruan', '45112555699', 'credito', '', 8.00, 'delivery', NULL, 6.00),
('4cea9739-54df-4319-95ce-2aad37af9f6f', '8bbf4be6-573d-45dd-8771-70d4a540883e', '5b38ea02-dd73-40e4-8004-8aa7d5f87be4', 'delivered', 161.60, '2026-05-14 13:29:28.904614', '2026-05-14 13:30:22.711782', '2026-05-14 13:29:59.752332', NULL, 'Avenida Cravo e Canela', 'Sandra', '85754878458', 'debito', 'Com muito abacaxi', 8.00, 'delivery', NULL, 153.60),
('4ee1cfcf-e23b-47e3-aba0-db4760fcb347', '8bbf4be6-573d-45dd-8771-70d4a540883e', '5b38ea02-dd73-40e4-8004-8aa7d5f87be4', 'delivered', 259.40, '2026-05-16 20:47:28.39469', '2026-05-16 20:47:38.899301', '2026-05-16 20:47:30.89987', NULL, '', 'marcelo', '12566699995', 'pix', '', 0.00, 'pickup', NULL, 259.40),
('5443a986-62c5-40d0-a72d-45dc06eb98a4', '8bbf4be6-573d-45dd-8771-70d4a540883e', '5b38ea02-dd73-40e4-8004-8aa7d5f87be4', 'delivered', 34.90, '2026-05-13 21:01:30.776664', '2026-05-13 21:26:59.493823', '2026-05-13 21:26:35.320815', NULL, 'Avenida das Flores, N 75', 'Maria', '4242154215', 'pix', 'sem cebola', 8.00, 'delivery', NULL, 26.90),
('55fdf16f-e9e4-493a-bf12-57bd20bb2e5c', '8bbf4be6-573d-45dd-8771-70d4a540883e', '5b38ea02-dd73-40e4-8004-8aa7d5f87be4', 'delivered', 174.50, '2026-05-16 19:41:58.367941', '2026-05-16 19:48:03.44772', '2026-05-16 19:44:01.88183', NULL, 'rua dos girassóis, lago dos cisnes ', 'joão do bar pescador', '44442156933', 'debito', 'por favor, retire a salada, cebola, pimenta, alface, tomate... Adicione bacon e molhos da casa, principalmente molho de alho. Coloque guardanapos também ', 8.00, 'delivery', NULL, 166.50),
('59ba9ec6-be69-41dd-8184-de4e4787863d', '8bbf4be6-573d-45dd-8771-70d4a540883e', '5b38ea02-dd73-40e4-8004-8aa7d5f87be4', 'delivered', 89.90, '2026-05-15 22:19:04.361297', '2026-05-15 22:26:53.502825', '2026-05-15 22:26:24.278376', NULL, '', 'marcelo', '78457774855', 'debito', 'tirar tomate, cebola e alface', 0.00, 'pickup', NULL, 89.90),
('602676f1-5503-47a3-b51d-8878f3b78e10', '8bbf4be6-573d-45dd-8771-70d4a540883e', '5b38ea02-dd73-40e4-8004-8aa7d5f87be4', 'delivered', 173.50, '2026-05-18 20:14:36.621843', '2026-05-18 20:15:15.914856', '2026-05-18 20:14:55.50469', NULL, '', 'gustavo', '12458896336', 'credito', 'por favor, coloque molhos da casa, guardanapos, canudos ou copos', 0.00, 'pickup', NULL, 173.50),
('6bfeff23-19ef-4a81-a08c-e9415e54c44e', '8bbf4be6-573d-45dd-8771-70d4a540883e', '5b38ea02-dd73-40e4-8004-8aa7d5f87be4', 'cancelled', 314.10, '2026-05-19 21:56:49.499648', '2026-05-19 21:56:59.100413', '2026-05-19 21:56:55.033941', '2026-05-19 21:56:59.100413', '', 'cézar', '11940028922', 'credito', '', 0.00, 'pickup', NULL, 314.10),
('7498414f-135c-4e8e-9765-2937728a6d05', '8bbf4be6-573d-45dd-8771-70d4a540883e', '5b38ea02-dd73-40e4-8004-8aa7d5f87be4', 'delivered', 106.90, '2026-05-15 22:08:55.357816', '2026-05-15 22:13:55.425691', '2026-05-15 22:11:11.783284', NULL, 'bairro dionária rocha', 'Geovana', '12421542156', 'pix', 'colocar molhos para o hamburguer ', 8.00, 'delivery', NULL, 98.90),
('84686d0f-6b15-4dca-9381-35bc1e3f7680', '8bbf4be6-573d-45dd-8771-70d4a540883e', '5b38ea02-dd73-40e4-8004-8aa7d5f87be4', 'delivered', 369.00, '2026-05-19 21:53:15.663322', '2026-05-19 21:53:34.116946', '2026-05-19 21:53:22.147305', NULL, '', 'pedro', '45623696633', 'credito', '', 0.00, 'pickup', NULL, 369.00),
('8569062a-5439-436f-b050-1a87bfb84f71', '8bbf4be6-573d-45dd-8771-70d4a540883e', '5b38ea02-dd73-40e4-8004-8aa7d5f87be4', 'cancelled', 44.90, '2026-05-19 21:55:42.792004', '2026-05-19 21:55:51.005695', '2026-05-19 21:55:45.449697', '2026-05-19 21:55:51.005695', 'avenida cézar camargo, qd 5', 'carla', '25263699995', 'dinheiro', '', 8.00, 'delivery', NULL, 36.90),
('8998ec65-e4b3-4e9b-b8a9-62860341d9da', '8bbf4be6-573d-45dd-8771-70d4a540883e', '5b38ea02-dd73-40e4-8004-8aa7d5f87be4', 'delivered', 36.90, '2026-05-17 13:24:19.641389', '2026-05-17 13:26:25.86483', '2026-05-17 13:25:45.968011', NULL, 'avenida jardim nova era, n 27, qd 8', 'josé', '45885699633', 'pix', 'sem cebola, sem alface, sem tomate ', 8.00, 'delivery', NULL, 28.90),
('89c8f5fc-5613-4cf0-8251-47101448593e', '8bbf4be6-573d-45dd-8771-70d4a540883e', '5b38ea02-dd73-40e4-8004-8aa7d5f87be4', 'cancelled', 39.90, '2026-05-11 14:56:36.655875', '2026-05-11 14:56:47.246019', NULL, '2026-05-11 14:56:47.246019', 'av. Dona Maria Cardoso, vila São Tomaz', '', '', 'pix', NULL, 8.00, 'delivery', NULL, 0.00),
('8d1fcb82-51d8-495d-a95f-028560d78e2a', '8bbf4be6-573d-45dd-8771-70d4a540883e', '5b38ea02-dd73-40e4-8004-8aa7d5f87be4', 'delivered', 194.60, '2026-05-14 17:17:53.955042', '2026-05-14 19:07:42.357776', '2026-05-14 18:51:38.375445', NULL, 'Avenida Castelo Branco', 'João ', '45754875484', 'dinheiro', 'sem cebola', 8.00, 'delivery', NULL, 186.60),
('a3cf21a0-24b5-488a-90a8-4a1d3b446d00', '8bbf4be6-573d-45dd-8771-70d4a540883e', '5b38ea02-dd73-40e4-8004-8aa7d5f87be4', 'delivered', 273.10, '2026-05-18 20:12:06.993507', '2026-05-18 20:12:56.440248', '2026-05-18 20:12:27.675624', NULL, 'rua bartolomeu bueno da silva, n 63', 'davi', '55545558966', 'pix', 'sem cebola, sem alho, sem verdura, sem tomate e sem alface', 8.00, 'delivery', NULL, 265.10),
('aaa706a6-73ca-495c-8599-47df77dd39a1', '8bbf4be6-573d-45dd-8771-70d4a540883e', '5b38ea02-dd73-40e4-8004-8aa7d5f87be4', 'delivered', 25.90, '2026-05-18 11:52:17.943707', '2026-05-18 11:53:09.088759', '2026-05-18 11:52:28.745376', NULL, 'setor parque flamboyant, n 52', 'jorge', '41415252155', 'pix', 'sem cebola', 8.00, 'delivery', NULL, 17.90),
('ad234822-e1fd-497a-a8f1-76e04ef669cd', '8bbf4be6-573d-45dd-8771-70d4a540883e', '5b38ea02-dd73-40e4-8004-8aa7d5f87be4', 'delivered', 489.30, '2026-05-16 19:25:53.055596', '2026-05-16 19:31:04.454746', '2026-05-16 19:30:45.081497', NULL, '', 'samuel ', '77448558485', 'dinheiro', 'sem cebola, alface, tomate e salsicha. Adicionar molhos especiais da casa, principalmente molho de alho', 0.00, 'pickup', NULL, 489.30),
('af9378ae-04a5-4653-a90b-e949a9f33a1e', '8bbf4be6-573d-45dd-8771-70d4a540883e', '5b38ea02-dd73-40e4-8004-8aa7d5f87be4', 'delivered', 64.80, '2026-05-17 22:19:33.680598', '2026-05-17 22:20:10.72405', '2026-05-17 22:19:47.707088', NULL, '', 'maria', '45222669999', 'pix', 'sem verduras, eu gosto de carnes', 0.00, 'pickup', NULL, 64.80),
('c052458d-8228-47a8-a7fc-4ddf12de641b', '8bbf4be6-573d-45dd-8771-70d4a540883e', '5b38ea02-dd73-40e4-8004-8aa7d5f87be4', 'delivered', 375.10, '2026-05-16 20:46:31.206686', '2026-05-16 20:46:42.663466', '2026-05-16 20:46:39.48623', NULL, '', 'luisa ', '11124511255', 'debito', '', 0.00, 'pickup', NULL, 375.10),
('c9231d19-e741-4f48-98c8-178ca8b4203e', '8bbf4be6-573d-45dd-8771-70d4a540883e', '5b38ea02-dd73-40e4-8004-8aa7d5f87be4', 'cancelled', 6.00, '2026-05-17 13:37:45.918309', '2026-05-17 13:38:09.88772', '2026-05-17 13:37:57.053363', '2026-05-17 13:38:09.88772', '', 'liam', '12125458888', 'dinheiro', '', 0.00, 'pickup', NULL, 6.00),
('d8f873bb-a4b5-437c-a0d0-68a48ee43883', '8bbf4be6-573d-45dd-8771-70d4a540883e', '5b38ea02-dd73-40e4-8004-8aa7d5f87be4', 'delivered', 86.30, '2026-05-19 21:50:56.077031', '2026-05-19 21:52:18.396607', '2026-05-19 21:52:02.303951', NULL, 'rua do vale encantado, n 450', 'kelly', '11121522633', 'pix', 'sem cebola, sem verdura, sem tomate, sem alface, sem salsicha, sem nada', 8.00, 'delivery', NULL, 78.30),
('e545a154-2280-4240-8b8b-bde83c4ac2d1', '8bbf4be6-573d-45dd-8771-70d4a540883e', '5b38ea02-dd73-40e4-8004-8aa7d5f87be4', 'cancelled', 14.00, '2026-05-16 19:49:29.692614', '2026-05-16 19:50:01.783792', '2026-05-16 19:49:51.32734', '2026-05-16 19:50:01.783792', 'rua do brejo, n 66', 'mona dos sapos ', '55586598659', 'pix', 'por favor, coloque canudos ou copos', 8.00, 'delivery', NULL, 6.00),
('e6878814-1062-48da-8366-719b607a0261', '8bbf4be6-573d-45dd-8771-70d4a540883e', '5b38ea02-dd73-40e4-8004-8aa7d5f87be4', 'pending', 178.50, '2026-05-14 16:33:26.694435', '2026-05-14 16:33:26.694435', NULL, NULL, 'Avenida Castelo Branco', 'João', '1242154215', 'credito', 'sem cebola', 8.00, 'delivery', NULL, 170.50),
('e80bbfe2-cb17-48eb-8cff-5996b31571a3', '8bbf4be6-573d-45dd-8771-70d4a540883e', '5b38ea02-dd73-40e4-8004-8aa7d5f87be4', 'delivered', 199.40, '2026-05-19 21:54:31.114935', '2026-05-19 21:54:48.618133', '2026-05-19 21:54:34.87655', NULL, 'rua das palmeiras, n 12', 'karlos', '12526285155', 'credito', '', 8.00, 'delivery', NULL, 191.40),
('f20e9afa-9119-4fa1-ae06-052e70d41db0', '8bbf4be6-573d-45dd-8771-70d4a540883e', '5b38ea02-dd73-40e4-8004-8aa7d5f87be4', 'delivered', 36.90, '2026-05-13 14:20:13.637063', '2026-05-13 14:20:35.825959', '2026-05-13 14:20:30.269201', NULL, 'av. Dona Maria Cardoso', '', '', 'pix', NULL, 8.00, 'delivery', NULL, 0.00);

INSERT INTO "public"."order_status_history" ("id", "order_id", "status", "changed_at", "changed_by") VALUES
('00619b94-2bb2-46e0-a8c4-66b4b5a1d8b3', '5443a986-62c5-40d0-a72d-45dc06eb98a4', 'confirmed', '2026-05-13 21:26:35.320815', NULL),
('00e8e7ba-55c1-4ffa-849c-b76c6ac21e63', '28597b2e-262e-43cc-888d-310fade0b4ef', 'out_for_delivery', '2026-05-20 11:22:51.147711', NULL),
('01600750-31ac-46e0-9f85-0c0239a9fd43', '3fd6f469-34bc-4258-8bcf-1631428f0478', 'cancelled', '2026-05-14 14:15:53.908672', NULL),
('01947668-b583-45de-b6a1-67f389b64a7c', '55fdf16f-e9e4-493a-bf12-57bd20bb2e5c', 'out_for_delivery', '2026-05-16 19:47:58.774452', '8bbf4be6-573d-45dd-8771-70d4a540883e'),
('024696a7-faa9-4f68-8c02-a5e3c78548c2', '4cea9739-54df-4319-95ce-2aad37af9f6f', 'delivered', '2026-05-14 13:30:22.711782', '8bbf4be6-573d-45dd-8771-70d4a540883e'),
('02591a0c-a19f-4602-9e7a-0d0165cc7b7b', '4cea9739-54df-4319-95ce-2aad37af9f6f', 'confirmed', '2026-05-14 13:29:59.752332', NULL),
('0397fa38-2e01-49a1-9114-119d9ee38066', 'aaa706a6-73ca-495c-8599-47df77dd39a1', 'confirmed', '2026-05-18 11:52:28.745376', '8bbf4be6-573d-45dd-8771-70d4a540883e'),
('03b65d32-587f-4d10-ba10-917144e99283', 'aaa706a6-73ca-495c-8599-47df77dd39a1', 'delivered', '2026-05-18 11:53:09.088759', '8bbf4be6-573d-45dd-8771-70d4a540883e'),
('0447c29d-d6d5-494a-bbdd-08e087608b79', 'ad234822-e1fd-497a-a8f1-76e04ef669cd', 'delivered', '2026-05-16 19:31:04.454746', NULL),
('04700de9-db76-48f2-af06-005822b19876', 'af9378ae-04a5-4653-a90b-e949a9f33a1e', 'preparing', '2026-05-17 22:20:03.430862', '8bbf4be6-573d-45dd-8771-70d4a540883e'),
('05162e7b-edda-42d6-a5a0-088b903a145f', 'd8f873bb-a4b5-437c-a0d0-68a48ee43883', 'out_for_delivery', '2026-05-19 21:52:15.272834', NULL),
('060232e3-70eb-4f9c-9046-596d6efb1cd2', '143be751-93de-4e03-ad68-3bb99d4296fe', 'delivered', '2026-05-18 11:47:17.273359', '8bbf4be6-573d-45dd-8771-70d4a540883e'),
('071aaf4c-1f75-43d3-8832-76497457921f', 'ad234822-e1fd-497a-a8f1-76e04ef669cd', 'confirmed', '2026-05-16 19:30:45.081497', NULL),
('0943027b-45b4-40d6-a32d-d79e0a618c7c', 'd8f873bb-a4b5-437c-a0d0-68a48ee43883', 'preparing', '2026-05-19 21:52:11.36559', NULL),
('09cc8a86-2588-441b-924a-70a1cb78cd1b', 'a3cf21a0-24b5-488a-90a8-4a1d3b446d00', 'pending', '2026-05-18 20:12:06.993507', '8bbf4be6-573d-45dd-8771-70d4a540883e'),
('09de7c9c-f6f9-4f5b-b698-86299651468e', '5443a986-62c5-40d0-a72d-45dc06eb98a4', 'preparing', '2026-05-13 21:26:52.616239', '8bbf4be6-573d-45dd-8771-70d4a540883e'),
('09f724be-61f6-472d-8add-e462326647e9', 'c9231d19-e741-4f48-98c8-178ca8b4203e', 'confirmed', '2026-05-17 13:37:57.053363', '8bbf4be6-573d-45dd-8771-70d4a540883e'),
('0b5aed7b-2a0e-4ea5-9047-671b559d311f', '4cea9739-54df-4319-95ce-2aad37af9f6f', 'out_for_delivery', '2026-05-14 13:30:18.46719', NULL),
('0d0d55b2-715d-4c34-86cb-05eba53e96df', '5443a986-62c5-40d0-a72d-45dc06eb98a4', 'out_for_delivery', '2026-05-13 21:26:56.662399', NULL),
('0dac1821-5fc7-4493-b6d3-54efeb1aa778', '8d1fcb82-51d8-495d-a95f-028560d78e2a', 'delivered', '2026-05-14 19:07:42.357776', NULL),
('0dfb04ee-9c44-45bd-818d-8b1e6a489827', 'd8f873bb-a4b5-437c-a0d0-68a48ee43883', 'delivered', '2026-05-19 21:52:18.396607', '8bbf4be6-573d-45dd-8771-70d4a540883e'),
('0e191fd9-d451-4ecc-9ad2-7ff38eb21d80', '143be751-93de-4e03-ad68-3bb99d4296fe', 'order_ready', '2026-05-18 11:35:37.544049', NULL),
('0e805299-7387-4288-a735-e5ed315db655', '55fdf16f-e9e4-493a-bf12-57bd20bb2e5c', 'confirmed', '2026-05-16 19:44:01.88183', NULL),
('0ef5e6c8-18ea-4837-9d60-155f757c0b10', '59ba9ec6-be69-41dd-8184-de4e4787863d', 'pending', '2026-05-15 22:19:04.361297', '8bbf4be6-573d-45dd-8771-70d4a540883e'),
('15584938-8c6b-49ae-a8a5-492dfdc1c680', 'f20e9afa-9119-4fa1-ae06-052e70d41db0', 'delivered', '2026-05-13 14:20:35.825959', NULL),
('171227a6-2995-413e-9aaf-604fa5b4e1e3', '6bfeff23-19ef-4a81-a08c-e9415e54c44e', 'confirmed', '2026-05-19 21:56:55.033941', '8bbf4be6-573d-45dd-8771-70d4a540883e'),
('176308a7-c81b-41cf-84f6-8de6aedbc8e4', '8998ec65-e4b3-4e9b-b8a9-62860341d9da', 'preparing', '2026-05-17 13:26:06.241068', '8bbf4be6-573d-45dd-8771-70d4a540883e'),
('1aa8414d-bb85-4caa-887c-9930ff30c855', '3ce3554a-f143-4cce-a2dc-2e5ece4d6fae', 'delivered', '2026-05-16 19:21:02.940263', '8bbf4be6-573d-45dd-8771-70d4a540883e'),
('1c8458e6-4086-40a7-8ff2-29ea2e10097e', '06a6734e-9dcb-49ff-9fbc-7dd20e6f1f02', 'confirmed', '2026-05-17 13:36:32.304703', NULL),
('1cb576bb-5f51-41e8-81f8-2be3139c8fa3', '143be751-93de-4e03-ad68-3bb99d4296fe', 'preparing', '2026-05-18 11:35:07.586942', NULL),
('1d10c5f8-76e6-4274-a6e6-403840005d04', '2cab400a-87f2-4d4a-9fc0-ed4a7abb88b6', 'cancelled', '2026-05-16 19:36:46.904765', NULL),
('1e8e7a6c-06fc-4b8a-a5f0-1dce0c994168', '4bb26973-c47f-42c6-b188-1a0c98a5f94a', 'confirmed', '2026-05-17 13:27:47.678046', '8bbf4be6-573d-45dd-8771-70d4a540883e'),
('1f23db22-e228-46a7-8a52-0ecd4c0d5410', '59ba9ec6-be69-41dd-8184-de4e4787863d', 'out_for_delivery', '2026-05-15 22:26:35.87553', NULL),
('1f7155e7-f7dd-4fe4-93bf-2f6f92715aa6', '6bfeff23-19ef-4a81-a08c-e9415e54c44e', 'pending', '2026-05-19 21:56:49.499648', '8bbf4be6-573d-45dd-8771-70d4a540883e'),
('1fb84135-e323-4674-82be-2d81de557dca', '2cab400a-87f2-4d4a-9fc0-ed4a7abb88b6', 'confirmed', '2026-05-16 19:36:39.342685', NULL),
('1fd8c9a9-1e49-4645-b85f-2caa58f4a245', '28597b2e-262e-43cc-888d-310fade0b4ef', 'confirmed', '2026-05-20 11:22:34.883229', NULL),
('2255a812-8f76-4711-ae04-c135d26b1a3b', '06a6734e-9dcb-49ff-9fbc-7dd20e6f1f02', 'confirmed', '2026-05-17 13:36:32.304703', '8bbf4be6-573d-45dd-8771-70d4a540883e'),
('2381d630-dd5a-4a64-82ae-07e14d05ab7a', '55fdf16f-e9e4-493a-bf12-57bd20bb2e5c', 'preparing', '2026-05-16 19:47:45.640776', '8bbf4be6-573d-45dd-8771-70d4a540883e'),
('2502d6af-6a35-47ad-8c66-1b313c1269b4', '59ba9ec6-be69-41dd-8184-de4e4787863d', 'preparing', '2026-05-15 22:26:30.982238', '8bbf4be6-573d-45dd-8771-70d4a540883e'),
('2829f476-c3b5-4cc9-9b0f-7d2ed98a72e7', 'a3cf21a0-24b5-488a-90a8-4a1d3b446d00', 'preparing', '2026-05-18 20:12:42.38173', NULL),
('294a3075-2df4-469d-895f-3ebe9f98923b', '4cea9739-54df-4319-95ce-2aad37af9f6f', 'confirmed', '2026-05-14 13:29:59.752332', '8bbf4be6-573d-45dd-8771-70d4a540883e'),
('2a08a63a-2db2-453c-9beb-c52c70d74e02', '2cab400a-87f2-4d4a-9fc0-ed4a7abb88b6', 'cancelled', '2026-05-16 19:36:46.904765', '8bbf4be6-573d-45dd-8771-70d4a540883e'),
('2c6c3dff-a169-4b8b-b6d5-0af4cf311cfe', 'ad234822-e1fd-497a-a8f1-76e04ef669cd', 'delivered', '2026-05-16 19:31:04.454746', '8bbf4be6-573d-45dd-8771-70d4a540883e'),
('2ebadf69-3cf5-43a0-b5de-f7c86be5d829', 'af9378ae-04a5-4653-a90b-e949a9f33a1e', 'order_ready', '2026-05-17 22:20:07.644512', NULL),
('2ee2fda5-ed6c-4c17-be52-7cbe1f38bdf4', '03e07e39-08ce-4907-8be0-4e7b6e0f65fe', 'confirmed', '2026-05-16 13:54:51.074713', '8bbf4be6-573d-45dd-8771-70d4a540883e'),
('2f05efdc-2e73-4641-9c62-cbd5b4da75e4', '06a6734e-9dcb-49ff-9fbc-7dd20e6f1f02', 'preparing', '2026-05-17 13:36:46.210256', '8bbf4be6-573d-45dd-8771-70d4a540883e'),
('2f8087aa-956d-470e-8c7c-dd05d7872a47', 'e80bbfe2-cb17-48eb-8cff-5996b31571a3', 'pending', '2026-05-19 21:54:31.114935', '8bbf4be6-573d-45dd-8771-70d4a540883e'),
('2fb445b3-3846-4f69-bb57-0531f24a6c18', 'aaa706a6-73ca-495c-8599-47df77dd39a1', 'preparing', '2026-05-18 11:52:35.430954', NULL),
('2fdc613c-fd3a-4d1d-9b3a-8062f5cff2fd', 'aaa706a6-73ca-495c-8599-47df77dd39a1', 'out_for_delivery', '2026-05-18 11:52:41.241334', '8bbf4be6-573d-45dd-8771-70d4a540883e'),
('31d0f7f8-b512-43c9-a93c-3e855d5ae967', 'ad234822-e1fd-497a-a8f1-76e04ef669cd', 'preparing', '2026-05-16 19:30:51.589966', '8bbf4be6-573d-45dd-8771-70d4a540883e'),
('35963f78-0915-4f39-b869-5e53241f6b28', 'a3cf21a0-24b5-488a-90a8-4a1d3b446d00', 'confirmed', '2026-05-18 20:12:27.675624', '8bbf4be6-573d-45dd-8771-70d4a540883e'),
('35f97ae2-de66-4982-a36e-85720f465b35', '28597b2e-262e-43cc-888d-310fade0b4ef', 'preparing', '2026-05-20 11:22:44.478853', NULL),
('363fb9a2-4c57-4258-b4fb-ba46a065f3b5', '55fdf16f-e9e4-493a-bf12-57bd20bb2e5c', 'confirmed', '2026-05-16 19:44:01.88183', '8bbf4be6-573d-45dd-8771-70d4a540883e'),
('364b0277-66ef-4a8d-9659-b70b213edee3', '4ee1cfcf-e23b-47e3-aba0-db4760fcb347', 'pending', '2026-05-16 20:47:28.39469', '8bbf4be6-573d-45dd-8771-70d4a540883e'),
('364cd088-ce72-4651-b5b8-bc6f40105606', '15a5c3b7-39a9-4143-8f71-267bc833e9dd', 'preparing', '2026-05-17 13:22:33.90057', '8bbf4be6-573d-45dd-8771-70d4a540883e'),
('3683f87c-2868-41e4-b48e-27d26b105820', '06a6734e-9dcb-49ff-9fbc-7dd20e6f1f02', 'delivered', '2026-05-17 13:37:03.011089', NULL),
('3ad7cd5a-e618-4ffe-8b8e-2c621a622253', '03e07e39-08ce-4907-8be0-4e7b6e0f65fe', 'pending', '2026-05-16 13:54:31.551261', '8bbf4be6-573d-45dd-8771-70d4a540883e'),
('3bae7ba0-00c7-40a5-93df-c7930cf711a5', '55fdf16f-e9e4-493a-bf12-57bd20bb2e5c', 'delivered', '2026-05-16 19:48:03.44772', '8bbf4be6-573d-45dd-8771-70d4a540883e'),
('3d5b092c-6c00-4343-ad57-f4834456be53', '84686d0f-6b15-4dca-9381-35bc1e3f7680', 'confirmed', '2026-05-19 21:53:22.147305', NULL),
('3d782e27-880f-4358-9193-7af79be86534', '03e07e39-08ce-4907-8be0-4e7b6e0f65fe', 'preparing', '2026-05-16 13:54:54.588461', NULL),
('3ecee9a6-5204-4756-a692-4fdb40a6a3cf', '143be751-93de-4e03-ad68-3bb99d4296fe', 'delivered', '2026-05-18 11:47:17.273359', NULL),
('41762dbb-0c8f-4f8b-9048-105c34571d06', 'e80bbfe2-cb17-48eb-8cff-5996b31571a3', 'preparing', '2026-05-19 21:54:44.451346', NULL),
('44a58624-a062-40d0-9139-5cdeca7227f0', '6bfeff23-19ef-4a81-a08c-e9415e54c44e', 'confirmed', '2026-05-19 21:56:55.033941', NULL),
('44b1c965-976a-4c4e-b121-583937ce7d99', 'a3cf21a0-24b5-488a-90a8-4a1d3b446d00', 'out_for_delivery', '2026-05-18 20:12:51.00779', NULL),
('44c3d6b0-699b-4750-bccd-44e553af9d16', '5443a986-62c5-40d0-a72d-45dc06eb98a4', 'pending', '2026-05-13 21:01:30.776664', '8bbf4be6-573d-45dd-8771-70d4a540883e'),
('45f23017-bf92-474a-a335-81c5d1cd2a37', '7498414f-135c-4e8e-9765-2937728a6d05', 'pending', '2026-05-15 22:08:55.357816', '8bbf4be6-573d-45dd-8771-70d4a540883e'),
('4a52a5e4-3680-4448-ae62-1ba96dafb827', 'c9231d19-e741-4f48-98c8-178ca8b4203e', 'confirmed', '2026-05-17 13:37:57.053363', NULL),
('4bca64a0-f655-417c-8f42-2b7d263645af', '4bb26973-c47f-42c6-b188-1a0c98a5f94a', 'cancelled', '2026-05-17 13:27:53.688502', '8bbf4be6-573d-45dd-8771-70d4a540883e'),
('4c4cc37c-8451-4164-a2c3-fb0a49bfd92e', 'c052458d-8228-47a8-a7fc-4ddf12de641b', 'confirmed', '2026-05-16 20:46:39.48623', '8bbf4be6-573d-45dd-8771-70d4a540883e'),
('4d2b0059-4165-4d4e-8001-a9b712db73ad', '84686d0f-6b15-4dca-9381-35bc1e3f7680', 'confirmed', '2026-05-19 21:53:22.147305', '8bbf4be6-573d-45dd-8771-70d4a540883e'),
('4d3699dc-41c5-4290-90fa-a1db2e77e7df', '602676f1-5503-47a3-b51d-8878f3b78e10', 'confirmed', '2026-05-18 20:14:55.50469', '8bbf4be6-573d-45dd-8771-70d4a540883e'),
('4d76aba1-bb34-4a8a-ad26-02c7bb7c759e', '4ee1cfcf-e23b-47e3-aba0-db4760fcb347', 'preparing', '2026-05-16 20:47:36.07763', NULL),
('4de11763-d212-4cbd-aecf-b42572d856af', '8d1fcb82-51d8-495d-a95f-028560d78e2a', 'confirmed', '2026-05-14 18:51:38.375445', NULL),
('4e22f0c1-5cec-411d-8547-3f8ddacdb18f', '03e07e39-08ce-4907-8be0-4e7b6e0f65fe', 'delivered', '2026-05-16 13:55:14.184211', NULL),
('506e419b-1757-4214-bcdb-21c3687cd212', 'e545a154-2280-4240-8b8b-bde83c4ac2d1', 'confirmed', '2026-05-16 19:49:51.32734', '8bbf4be6-573d-45dd-8771-70d4a540883e'),
('513b7c27-5e11-47e6-b41a-0716a9036b97', '8d1fcb82-51d8-495d-a95f-028560d78e2a', 'delivered', '2026-05-14 19:07:42.357776', '8bbf4be6-573d-45dd-8771-70d4a540883e'),
('51a6ab98-d20b-43a9-8a41-c3f3c399f7a9', '7498414f-135c-4e8e-9765-2937728a6d05', 'preparing', '2026-05-15 22:12:01.469419', NULL),
('52febbb4-4dd0-4826-941e-06e544a979e4', '84686d0f-6b15-4dca-9381-35bc1e3f7680', 'delivered', '2026-05-19 21:53:34.116946', '8bbf4be6-573d-45dd-8771-70d4a540883e'),
('538da533-808a-4968-bbba-ac5a21474b0f', '143be751-93de-4e03-ad68-3bb99d4296fe', 'order_ready', '2026-05-18 11:35:37.544049', '8bbf4be6-573d-45dd-8771-70d4a540883e'),
('5439f042-f996-4284-8cd3-291609b783b4', '06a6734e-9dcb-49ff-9fbc-7dd20e6f1f02', 'order_ready', '2026-05-17 13:36:57.452747', '8bbf4be6-573d-45dd-8771-70d4a540883e'),
('54a46864-7444-4ca7-9b31-242b76c38c7c', '602676f1-5503-47a3-b51d-8878f3b78e10', 'preparing', '2026-05-18 20:15:04.597846', '8bbf4be6-573d-45dd-8771-70d4a540883e'),
('554aa57e-08f9-4cb9-853b-9086807fbb59', '28597b2e-262e-43cc-888d-310fade0b4ef', 'out_for_delivery', '2026-05-20 11:22:51.147711', '8bbf4be6-573d-45dd-8771-70d4a540883e'),
('5573d5b0-c0f4-48a4-b31d-d70d3e1d488d', '8569062a-5439-436f-b050-1a87bfb84f71', 'confirmed', '2026-05-19 21:55:45.449697', NULL),
('56c84fa2-87ff-405b-b1f2-867aa4017054', '03e07e39-08ce-4907-8be0-4e7b6e0f65fe', 'delivered', '2026-05-16 13:55:14.184211', '8bbf4be6-573d-45dd-8771-70d4a540883e'),
('56dfef51-9258-4503-acd0-5c1f53450367', '8998ec65-e4b3-4e9b-b8a9-62860341d9da', 'confirmed', '2026-05-17 13:25:45.968011', NULL),
('56f4963c-6472-4358-abd7-bd3696de8ac0', '03e07e39-08ce-4907-8be0-4e7b6e0f65fe', 'out_for_delivery', '2026-05-16 13:55:12.017586', '8bbf4be6-573d-45dd-8771-70d4a540883e'),
('570d6918-c1c3-4a2c-8b9b-55b185b9c4b8', '8d1fcb82-51d8-495d-a95f-028560d78e2a', 'out_for_delivery', '2026-05-14 18:54:42.692695', '8bbf4be6-573d-45dd-8771-70d4a540883e'),
('583cf81b-4be5-43fe-9e63-58586a86be54', '5443a986-62c5-40d0-a72d-45dc06eb98a4', 'confirmed', '2026-05-13 21:26:35.320815', '8bbf4be6-573d-45dd-8771-70d4a540883e'),
('58cb0cfd-e52b-45a6-b999-cb2358416646', '8569062a-5439-436f-b050-1a87bfb84f71', 'confirmed', '2026-05-19 21:55:45.449697', '8bbf4be6-573d-45dd-8771-70d4a540883e'),
('59891d91-866a-446e-b1c6-b7c05a4d29c7', 'af9378ae-04a5-4653-a90b-e949a9f33a1e', 'delivered', '2026-05-17 22:20:10.72405', '8bbf4be6-573d-45dd-8771-70d4a540883e'),
('59fce88a-db6c-411d-959f-0939baae5f22', 'f20e9afa-9119-4fa1-ae06-052e70d41db0', 'pending', '2026-05-13 14:20:13.637063', '8bbf4be6-573d-45dd-8771-70d4a540883e'),
('5abb8183-016e-4f07-bb6d-4d88a1d42987', '5443a986-62c5-40d0-a72d-45dc06eb98a4', 'delivered', '2026-05-13 21:26:59.493823', '8bbf4be6-573d-45dd-8771-70d4a540883e'),
('5c0aabf2-38f6-468e-b40d-e8d1326278a1', 'c9231d19-e741-4f48-98c8-178ca8b4203e', 'pending', '2026-05-17 13:37:45.918309', '8bbf4be6-573d-45dd-8771-70d4a540883e'),
('5d985b1f-a5c0-4a5c-8286-1fabd8f27a79', '89c8f5fc-5613-4cf0-8251-47101448593e', 'cancelled', '2026-05-11 14:56:47.246019', NULL),
('5ecd77a8-5c29-4939-b365-85062fc89e08', '28597b2e-262e-43cc-888d-310fade0b4ef', 'delivered', '2026-05-20 11:22:56.717847', NULL),
('5f5cdeb9-ce14-4f05-83ba-591b32b5bd42', 'f20e9afa-9119-4fa1-ae06-052e70d41db0', 'delivered', '2026-05-13 14:20:35.825959', '8bbf4be6-573d-45dd-8771-70d4a540883e'),
('5f9bfc5c-bc9b-46df-a4cc-714c21640984', '8569062a-5439-436f-b050-1a87bfb84f71', 'cancelled', '2026-05-19 21:55:51.005695', '8bbf4be6-573d-45dd-8771-70d4a540883e'),
('60f9f9d2-dfc8-4898-b344-09e0d110c9c0', '602676f1-5503-47a3-b51d-8878f3b78e10', 'order_ready', '2026-05-18 20:15:10.430673', NULL),
('610c8e69-a7d3-4755-98d5-f8d5507a741b', 'c052458d-8228-47a8-a7fc-4ddf12de641b', 'preparing', '2026-05-16 20:46:40.545967', NULL),
('65dfbb47-59c8-4d8b-86f5-7ff81ef912ca', '3ce3554a-f143-4cce-a2dc-2e5ece4d6fae', 'preparing', '2026-05-16 14:28:14.155624', '8bbf4be6-573d-45dd-8771-70d4a540883e'),
('65e8fb11-f3c1-4e18-9b4a-2fb5fd70203e', '28597b2e-262e-43cc-888d-310fade0b4ef', 'pending', '2026-05-20 11:22:22.789509', '8bbf4be6-573d-45dd-8771-70d4a540883e'),
('6745b2af-047e-48e2-849e-6ad56069f8f2', 'd8f873bb-a4b5-437c-a0d0-68a48ee43883', 'out_for_delivery', '2026-05-19 21:52:15.272834', '8bbf4be6-573d-45dd-8771-70d4a540883e'),
('675a21f7-20c9-4238-a459-f4e34fc16ad7', '3fd6f469-34bc-4258-8bcf-1631428f0478', 'cancelled', '2026-05-14 14:15:53.908672', '8bbf4be6-573d-45dd-8771-70d4a540883e'),
('6798bdea-5983-4d9a-a2bd-897b6ca6bc70', '28597b2e-262e-43cc-888d-310fade0b4ef', 'confirmed', '2026-05-20 11:22:34.883229', '8bbf4be6-573d-45dd-8771-70d4a540883e'),
('689055c8-5072-42b0-91f8-c8383c0cb414', '84686d0f-6b15-4dca-9381-35bc1e3f7680', 'preparing', '2026-05-19 21:53:30.024337', NULL),
('69db870e-2da2-4f96-a620-11ef61281e68', 'd8f873bb-a4b5-437c-a0d0-68a48ee43883', 'confirmed', '2026-05-19 21:52:02.303951', '8bbf4be6-573d-45dd-8771-70d4a540883e'),
('6a07dd0b-8a1c-462b-b118-7ebd6c042b40', '7498414f-135c-4e8e-9765-2937728a6d05', 'preparing', '2026-05-15 22:12:01.469419', '8bbf4be6-573d-45dd-8771-70d4a540883e'),
('6b4f0b9c-f55f-4461-ad9c-75128fa5ad9e', 'a3cf21a0-24b5-488a-90a8-4a1d3b446d00', 'delivered', '2026-05-18 20:12:56.440248', '8bbf4be6-573d-45dd-8771-70d4a540883e'),
('7247995e-3825-4e63-825b-824b6e9a0061', '15a5c3b7-39a9-4143-8f71-267bc833e9dd', 'delivered', '2026-05-17 13:22:52.358648', NULL),
('73725b15-8f6f-4c98-8b86-366091573e11', 'ad234822-e1fd-497a-a8f1-76e04ef669cd', 'preparing', '2026-05-16 19:30:51.589966', NULL),
('73786bbe-9f45-4084-a06e-e3da9ffdd80d', '15a5c3b7-39a9-4143-8f71-267bc833e9dd', 'confirmed', '2026-05-17 13:22:24.142665', '8bbf4be6-573d-45dd-8771-70d4a540883e'),
('74b3e350-93a2-49ef-b1a6-d56034e3ad82', 'd8f873bb-a4b5-437c-a0d0-68a48ee43883', 'pending', '2026-05-19 21:50:56.077031', '8bbf4be6-573d-45dd-8771-70d4a540883e'),
('76fcff19-9558-494f-9239-6ae14428d38a', '5443a986-62c5-40d0-a72d-45dc06eb98a4', 'delivered', '2026-05-13 21:26:59.493823', NULL),
('779f3e41-5122-4c60-954c-7ed8f5a76e02', '602676f1-5503-47a3-b51d-8878f3b78e10', 'pending', '2026-05-18 20:14:36.621843', '8bbf4be6-573d-45dd-8771-70d4a540883e'),
('78acbc78-ea2a-4d04-9e73-33e72c8aca1d', '3fd6f469-34bc-4258-8bcf-1631428f0478', 'pending', '2026-05-14 14:15:17.656302', '8bbf4be6-573d-45dd-8771-70d4a540883e'),
('79ccadaf-b7eb-4861-8b5a-bb96665114f4', '4cea9739-54df-4319-95ce-2aad37af9f6f', 'delivered', '2026-05-14 13:30:22.711782', NULL),
('7ac69441-b2a5-4939-b760-99323155123e', '8998ec65-e4b3-4e9b-b8a9-62860341d9da', 'delivered', '2026-05-17 13:26:25.86483', '8bbf4be6-573d-45dd-8771-70d4a540883e'),
('7b602a0c-2cae-461a-af7f-f1b69174e6e3', '8569062a-5439-436f-b050-1a87bfb84f71', 'pending', '2026-05-19 21:55:42.792004', '8bbf4be6-573d-45dd-8771-70d4a540883e'),
('7fd9c21b-6931-4af7-b176-ecc200c8563b', '84686d0f-6b15-4dca-9381-35bc1e3f7680', 'order_ready', '2026-05-19 21:53:32.013405', NULL),
('802bea73-be86-4e63-9c16-53a62a416fe8', 'e80bbfe2-cb17-48eb-8cff-5996b31571a3', 'preparing', '2026-05-19 21:54:44.451346', '8bbf4be6-573d-45dd-8771-70d4a540883e'),
('81c8a406-a128-49e4-9beb-1d48b7e3c808', '3ce3554a-f143-4cce-a2dc-2e5ece4d6fae', 'preparing', '2026-05-16 14:28:14.155624', NULL),
('8210837b-4308-4eec-9372-ad45c11ae926', '4cea9739-54df-4319-95ce-2aad37af9f6f', 'preparing', '2026-05-14 13:30:08.663857', NULL),
('82457cd1-a81b-4bb4-8abe-71ae4c001718', '4cea9739-54df-4319-95ce-2aad37af9f6f', 'out_for_delivery', '2026-05-14 13:30:18.46719', '8bbf4be6-573d-45dd-8771-70d4a540883e'),
('8333d535-2ac8-4913-b590-b03b8c653aee', 'aaa706a6-73ca-495c-8599-47df77dd39a1', 'confirmed', '2026-05-18 11:52:28.745376', NULL),
('833ea126-1df7-4bd3-9dfc-78f5c1c16259', 'e80bbfe2-cb17-48eb-8cff-5996b31571a3', 'delivered', '2026-05-19 21:54:48.618133', NULL),
('8524f1fe-4404-400c-81fc-92ddae880a24', 'f20e9afa-9119-4fa1-ae06-052e70d41db0', 'preparing', '2026-05-13 14:20:32.23028', NULL),
('88aaf40b-d83e-45dd-b766-0b9594999add', '15a5c3b7-39a9-4143-8f71-267bc833e9dd', 'pending', '2026-05-17 13:21:55.671748', '8bbf4be6-573d-45dd-8771-70d4a540883e'),
('8973e665-1217-4d24-bd22-8de5bf702456', '4ee1cfcf-e23b-47e3-aba0-db4760fcb347', 'preparing', '2026-05-16 20:47:36.07763', '8bbf4be6-573d-45dd-8771-70d4a540883e'),
('8aeb5569-98a5-4cdf-a88e-4c0431154248', '3ce3554a-f143-4cce-a2dc-2e5ece4d6fae', 'delivered', '2026-05-16 19:21:02.940263', NULL),
('8b0ed0fb-91b5-413a-b253-190d757794a9', '5443a986-62c5-40d0-a72d-45dc06eb98a4', 'out_for_delivery', '2026-05-13 21:26:56.662399', '8bbf4be6-573d-45dd-8771-70d4a540883e'),
('8b482896-33ee-456d-ae51-d72f7b8c88fa', 'c052458d-8228-47a8-a7fc-4ddf12de641b', 'delivered', '2026-05-16 20:46:42.663466', NULL),
('8caca0ae-42bc-4f5b-a6a9-34cd83fcc79c', '59ba9ec6-be69-41dd-8184-de4e4787863d', 'confirmed', '2026-05-15 22:26:24.278376', '8bbf4be6-573d-45dd-8771-70d4a540883e'),
('8d9f2d2c-f756-44af-83ad-e457fb0c9eee', '06a6734e-9dcb-49ff-9fbc-7dd20e6f1f02', 'order_ready', '2026-05-17 13:36:57.452747', NULL),
('8e7d77a5-c12d-4cf4-8238-1af3b489d081', '8998ec65-e4b3-4e9b-b8a9-62860341d9da', 'confirmed', '2026-05-17 13:25:45.968011', '8bbf4be6-573d-45dd-8771-70d4a540883e'),
('8eecb0ec-bcc9-4daa-b308-467fc5bddf6f', '602676f1-5503-47a3-b51d-8878f3b78e10', 'order_ready', '2026-05-18 20:15:10.430673', '8bbf4be6-573d-45dd-8771-70d4a540883e'),
('8f21f471-f122-45d2-a048-cf2382fd0eb1', '143be751-93de-4e03-ad68-3bb99d4296fe', 'preparing', '2026-05-18 11:35:07.586942', '8bbf4be6-573d-45dd-8771-70d4a540883e'),
('8f3ba91c-2b93-4522-bd2e-de87ae89bb90', 'ad234822-e1fd-497a-a8f1-76e04ef669cd', 'order_ready', '2026-05-16 19:30:56.952722', NULL),
('8f571f5c-125b-4c1a-949e-ca768dbbab66', '06a6734e-9dcb-49ff-9fbc-7dd20e6f1f02', 'pending', '2026-05-17 13:29:21.299363', '8bbf4be6-573d-45dd-8771-70d4a540883e'),
('9135ec10-d0e1-45ee-bd35-c52756d9e634', 'd8f873bb-a4b5-437c-a0d0-68a48ee43883', 'delivered', '2026-05-19 21:52:18.396607', NULL),
('91471d1c-7e62-41ea-9f44-f926892857b5', '143be751-93de-4e03-ad68-3bb99d4296fe', 'pending', '2026-05-18 11:33:03.900979', '8bbf4be6-573d-45dd-8771-70d4a540883e'),
('9186b9ad-afbc-4d8d-9b57-6b97702f13b2', 'aaa706a6-73ca-495c-8599-47df77dd39a1', 'out_for_delivery', '2026-05-18 11:52:41.241334', NULL),
('921feb6a-cd7f-413e-94aa-b786e3b43b34', '84686d0f-6b15-4dca-9381-35bc1e3f7680', 'delivered', '2026-05-19 21:53:34.116946', NULL),
('92c353d4-4c70-4bdf-b75f-da0d579f9b0d', '4bb26973-c47f-42c6-b188-1a0c98a5f94a', 'cancelled', '2026-05-17 13:27:53.688502', NULL),
('932a0a1a-6cb8-42cc-b18c-890d65b389b8', '84686d0f-6b15-4dca-9381-35bc1e3f7680', 'order_ready', '2026-05-19 21:53:32.013405', '8bbf4be6-573d-45dd-8771-70d4a540883e'),
('940a2c53-7f4b-43cf-8d7d-25ee6634332b', '3fd6f469-34bc-4258-8bcf-1631428f0478', 'confirmed', '2026-05-14 14:15:49.773224', '8bbf4be6-573d-45dd-8771-70d4a540883e'),
('94ea9747-27e2-403c-a895-49e4c6946eab', 'f20e9afa-9119-4fa1-ae06-052e70d41db0', 'out_for_delivery', '2026-05-13 14:20:34.240635', '8bbf4be6-573d-45dd-8771-70d4a540883e'),
('962bc787-e064-48e1-bf2a-2f4785722a92', '06a6734e-9dcb-49ff-9fbc-7dd20e6f1f02', 'delivered', '2026-05-17 13:37:03.011089', '8bbf4be6-573d-45dd-8771-70d4a540883e'),
('967fabed-66c5-45ac-a71f-999530b8df7e', '8998ec65-e4b3-4e9b-b8a9-62860341d9da', 'out_for_delivery', '2026-05-17 13:26:18.044794', '8bbf4be6-573d-45dd-8771-70d4a540883e'),
('9848a58e-3bc2-48f0-a748-12c8846be903', '7498414f-135c-4e8e-9765-2937728a6d05', 'delivered', '2026-05-15 22:13:55.425691', '8bbf4be6-573d-45dd-8771-70d4a540883e'),
('9b23caf5-e253-42f4-80ef-2f3609c6cdef', 'a3cf21a0-24b5-488a-90a8-4a1d3b446d00', 'out_for_delivery', '2026-05-18 20:12:51.00779', '8bbf4be6-573d-45dd-8771-70d4a540883e'),
('9b3ef6c7-7cb6-4596-88f9-f28a1d63510e', '4bb26973-c47f-42c6-b188-1a0c98a5f94a', 'pending', '2026-05-17 13:27:28.368284', '8bbf4be6-573d-45dd-8771-70d4a540883e'),
('9b5e2aae-f464-4f5a-8705-26dba36736ee', 'e545a154-2280-4240-8b8b-bde83c4ac2d1', 'pending', '2026-05-16 19:49:29.692614', '8bbf4be6-573d-45dd-8771-70d4a540883e'),
('9e80c8bc-1f37-4a0c-8193-f2f5cdef38d1', '8d1fcb82-51d8-495d-a95f-028560d78e2a', 'confirmed', '2026-05-14 18:51:38.375445', '8bbf4be6-573d-45dd-8771-70d4a540883e'),
('9f15d926-b0f7-4240-b846-674e0fca331b', 'aaa706a6-73ca-495c-8599-47df77dd39a1', 'preparing', '2026-05-18 11:52:35.430954', '8bbf4be6-573d-45dd-8771-70d4a540883e'),
('9f60f3f9-4807-4f11-b6ea-a6bda39a5331', '55fdf16f-e9e4-493a-bf12-57bd20bb2e5c', 'pending', '2026-05-16 19:41:58.367941', '8bbf4be6-573d-45dd-8771-70d4a540883e'),
('a1b085a6-ee04-4f2a-969e-a44a2ecaacb4', '2cab400a-87f2-4d4a-9fc0-ed4a7abb88b6', 'pending', '2026-05-16 19:33:18.016037', '8bbf4be6-573d-45dd-8771-70d4a540883e'),
('a2d37982-0e50-4d40-9cc5-840104f154c0', 'af9378ae-04a5-4653-a90b-e949a9f33a1e', 'order_ready', '2026-05-17 22:20:07.644512', '8bbf4be6-573d-45dd-8771-70d4a540883e'),
('a44ac57e-b3cd-44dd-83a3-916d69969058', '7498414f-135c-4e8e-9765-2937728a6d05', 'delivered', '2026-05-15 22:13:55.425691', NULL),
('a5a5429a-d8b6-4339-9b81-f3f07d3144d1', '4ee1cfcf-e23b-47e3-aba0-db4760fcb347', 'delivered', '2026-05-16 20:47:38.899301', '8bbf4be6-573d-45dd-8771-70d4a540883e'),
('a5df8051-fe4a-4792-a023-079b617ed8c6', '4ee1cfcf-e23b-47e3-aba0-db4760fcb347', 'delivered', '2026-05-16 20:47:38.899301', NULL),
('a6f190a1-d6d1-442c-a3e4-5d1b6b42a156', 'f20e9afa-9119-4fa1-ae06-052e70d41db0', 'confirmed', '2026-05-13 14:20:30.269201', '8bbf4be6-573d-45dd-8771-70d4a540883e'),
('a73efdae-3ea2-425b-b142-08501fee583b', '59ba9ec6-be69-41dd-8184-de4e4787863d', 'preparing', '2026-05-15 22:26:30.982238', NULL),
('a7bd3878-bfdf-4668-ae54-ecc9d7736cd7', 'a3cf21a0-24b5-488a-90a8-4a1d3b446d00', 'delivered', '2026-05-18 20:12:56.440248', NULL),
('aa3c95df-0bd1-4e3d-b135-b7f3acd2f5e7', '3ce3554a-f143-4cce-a2dc-2e5ece4d6fae', 'confirmed', '2026-05-16 14:28:12.324617', '8bbf4be6-573d-45dd-8771-70d4a540883e'),
('ab04e608-f2ad-437e-a432-2fc585e216ca', '4cea9739-54df-4319-95ce-2aad37af9f6f', 'preparing', '2026-05-14 13:30:08.663857', '8bbf4be6-573d-45dd-8771-70d4a540883e'),
('ab46159b-1980-42d5-85d9-a49d0f708758', '5443a986-62c5-40d0-a72d-45dc06eb98a4', 'preparing', '2026-05-13 21:26:52.616239', NULL),
('ac1c3c8a-a9c2-481a-ab8b-a7e0cd996da1', '3fd6f469-34bc-4258-8bcf-1631428f0478', 'confirmed', '2026-05-14 14:15:49.773224', NULL),
('aca5ccb6-1e81-409d-8f03-650189228be5', 'e80bbfe2-cb17-48eb-8cff-5996b31571a3', 'confirmed', '2026-05-19 21:54:34.87655', NULL),
('acb5c9e9-2dfb-45a7-8167-a26de2797ec6', '15a5c3b7-39a9-4143-8f71-267bc833e9dd', 'out_for_delivery', '2026-05-17 13:22:43.463209', '8bbf4be6-573d-45dd-8771-70d4a540883e'),
('addbc56c-2490-4641-9758-ec15fb795740', '8d1fcb82-51d8-495d-a95f-028560d78e2a', 'preparing', '2026-05-14 18:53:29.877141', '8bbf4be6-573d-45dd-8771-70d4a540883e'),
('aed09aa7-331d-4a29-8df3-2136dbd6c923', 'aaa706a6-73ca-495c-8599-47df77dd39a1', 'pending', '2026-05-18 11:52:17.943707', '8bbf4be6-573d-45dd-8771-70d4a540883e'),
('af55259c-1f0c-47af-980f-9ed445737dc5', '03e07e39-08ce-4907-8be0-4e7b6e0f65fe', 'preparing', '2026-05-16 13:54:54.588461', '8bbf4be6-573d-45dd-8771-70d4a540883e'),
('b007d85a-592c-47ad-88a3-2014108087d2', '602676f1-5503-47a3-b51d-8878f3b78e10', 'delivered', '2026-05-18 20:15:15.914856', NULL),
('b0252609-5858-4d78-8fe1-833c9e526439', '4ee1cfcf-e23b-47e3-aba0-db4760fcb347', 'order_ready', '2026-05-16 20:47:37.894287', NULL),
('b0f57bb2-5a4f-4c55-906d-920e092f32cf', '59ba9ec6-be69-41dd-8184-de4e4787863d', 'confirmed', '2026-05-15 22:26:24.278376', NULL),
('b189e4bc-da24-45e5-9cb1-32ea69f11b17', '8998ec65-e4b3-4e9b-b8a9-62860341d9da', 'delivered', '2026-05-17 13:26:25.86483', NULL),
('b237f88f-08dc-4842-a8a0-ca8732bbb033', '8998ec65-e4b3-4e9b-b8a9-62860341d9da', 'out_for_delivery', '2026-05-17 13:26:18.044794', NULL),
('b3d8bcff-abbe-41de-8dcc-2f89095adfaf', 'a3cf21a0-24b5-488a-90a8-4a1d3b446d00', 'preparing', '2026-05-18 20:12:42.38173', '8bbf4be6-573d-45dd-8771-70d4a540883e'),
('b41edfd0-e375-4e71-877e-7bc1a97e6705', '0ab62943-893e-419a-8e6e-f29e5fc7dcad', 'cancelled', '2026-05-15 22:17:43.952374', NULL),
('b6af6771-0463-4180-963e-424e7a635b6d', '3ce3554a-f143-4cce-a2dc-2e5ece4d6fae', 'pending', '2026-05-16 14:28:02.415592', '8bbf4be6-573d-45dd-8771-70d4a540883e'),
('b7213a4e-37fe-4807-bb28-b2b830c8a5cc', '7498414f-135c-4e8e-9765-2937728a6d05', 'confirmed', '2026-05-15 22:11:11.783284', '8bbf4be6-573d-45dd-8771-70d4a540883e'),
('b87a8b79-2156-41a8-b1e9-d1c660bff529', '89c8f5fc-5613-4cf0-8251-47101448593e', 'cancelled', '2026-05-11 14:56:47.246019', '8bbf4be6-573d-45dd-8771-70d4a540883e'),
('ba732448-0b41-477f-ba59-5176ac3458e2', '15a5c3b7-39a9-4143-8f71-267bc833e9dd', 'preparing', '2026-05-17 13:22:33.90057', NULL),
('bafc9d4c-905f-4790-aa26-d9f2ec0e0f4d', '602676f1-5503-47a3-b51d-8878f3b78e10', 'confirmed', '2026-05-18 20:14:55.50469', NULL),
('bcc564ba-3d52-4b6d-8153-75fd27e1f99f', '3ce3554a-f143-4cce-a2dc-2e5ece4d6fae', 'order_ready', '2026-05-16 19:20:55.272067', NULL),
('bce11253-292a-4395-b005-4f0b4cb0c587', '28597b2e-262e-43cc-888d-310fade0b4ef', 'delivered', '2026-05-20 11:22:56.717847', '8bbf4be6-573d-45dd-8771-70d4a540883e'),
('bee1a61e-ca1c-4960-9272-4ab0d57218e5', 'c9231d19-e741-4f48-98c8-178ca8b4203e', 'cancelled', '2026-05-17 13:38:09.88772', '8bbf4be6-573d-45dd-8771-70d4a540883e'),
('bee23893-630c-4075-a5b6-326942ff0cbe', 'd8f873bb-a4b5-437c-a0d0-68a48ee43883', 'preparing', '2026-05-19 21:52:11.36559', '8bbf4be6-573d-45dd-8771-70d4a540883e'),
('c00fe660-7dd0-4bbe-b264-df72297b4867', '2cab400a-87f2-4d4a-9fc0-ed4a7abb88b6', 'confirmed', '2026-05-16 19:36:39.342685', '8bbf4be6-573d-45dd-8771-70d4a540883e'),
('c0d6916b-fea6-448b-93c9-442f042c7142', '143be751-93de-4e03-ad68-3bb99d4296fe', 'confirmed', '2026-05-18 11:33:32.508169', NULL),
('c23ab204-1087-4f53-af57-c33390eec119', 'c052458d-8228-47a8-a7fc-4ddf12de641b', 'delivered', '2026-05-16 20:46:42.663466', '8bbf4be6-573d-45dd-8771-70d4a540883e'),
('c3028498-f6d8-4f99-bec7-4a6d48bbdcca', 'c9231d19-e741-4f48-98c8-178ca8b4203e', 'cancelled', '2026-05-17 13:38:09.88772', NULL),
('c381fb00-9342-4478-8760-c05328de9acb', '8998ec65-e4b3-4e9b-b8a9-62860341d9da', 'preparing', '2026-05-17 13:26:06.241068', NULL),
('c38735c5-d660-4ec2-b82a-1c404a8c53e8', 'c052458d-8228-47a8-a7fc-4ddf12de641b', 'pending', '2026-05-16 20:46:31.206686', '8bbf4be6-573d-45dd-8771-70d4a540883e'),
('c3eb2c82-756f-4e4c-86bc-5e730e1140d1', 'e6878814-1062-48da-8366-719b607a0261', 'pending', '2026-05-14 16:33:26.694435', '8bbf4be6-573d-45dd-8771-70d4a540883e'),
('c4292e0b-6322-4a19-bf59-d2bd2ddc6886', 'af9378ae-04a5-4653-a90b-e949a9f33a1e', 'confirmed', '2026-05-17 22:19:47.707088', '8bbf4be6-573d-45dd-8771-70d4a540883e'),
('c5814091-3504-4135-b34c-88a3382551b3', '8998ec65-e4b3-4e9b-b8a9-62860341d9da', 'pending', '2026-05-17 13:24:19.641389', '8bbf4be6-573d-45dd-8771-70d4a540883e'),
('c5e8a6b2-603f-45ba-b15b-fc372c110038', 'e80bbfe2-cb17-48eb-8cff-5996b31571a3', 'delivered', '2026-05-19 21:54:48.618133', '8bbf4be6-573d-45dd-8771-70d4a540883e'),
('c60f5717-ef31-4784-b61d-5f04323ed9a6', '59ba9ec6-be69-41dd-8184-de4e4787863d', 'delivered', '2026-05-15 22:26:53.502825', NULL),
('c6363dfb-c95c-4bf2-856e-e5fcb096b0e4', '8d1fcb82-51d8-495d-a95f-028560d78e2a', 'pending', '2026-05-14 17:17:53.955042', '8bbf4be6-573d-45dd-8771-70d4a540883e'),
('c6802740-359f-4134-870d-fe4084a80cb5', 'af9378ae-04a5-4653-a90b-e949a9f33a1e', 'confirmed', '2026-05-17 22:19:47.707088', NULL),
('c6e95ee4-8b9a-4143-9488-b689f27b211f', 'c052458d-8228-47a8-a7fc-4ddf12de641b', 'order_ready', '2026-05-16 20:46:41.550704', NULL),
('c705dad3-b922-4349-a12f-186d58d86a4f', '7498414f-135c-4e8e-9765-2937728a6d05', 'out_for_delivery', '2026-05-15 22:12:36.443775', '8bbf4be6-573d-45dd-8771-70d4a540883e'),
('c833cb9c-4a3b-4bc0-afc5-08527e4b1297', 'c052458d-8228-47a8-a7fc-4ddf12de641b', 'preparing', '2026-05-16 20:46:40.545967', '8bbf4be6-573d-45dd-8771-70d4a540883e'),
('c95daefd-16ae-4096-a365-00ae5f33d6b5', '03e07e39-08ce-4907-8be0-4e7b6e0f65fe', 'confirmed', '2026-05-16 13:54:51.074713', NULL),
('cb5b61aa-5d18-4a24-8c17-264ad469ceb2', 'e545a154-2280-4240-8b8b-bde83c4ac2d1', 'cancelled', '2026-05-16 19:50:01.783792', '8bbf4be6-573d-45dd-8771-70d4a540883e'),
('cd39f48d-e2b1-4cd4-bf49-f683663bc80d', '4bb26973-c47f-42c6-b188-1a0c98a5f94a', 'confirmed', '2026-05-17 13:27:47.678046', NULL),
('cd8e7d36-63d1-4d8e-bfe8-8fe7d520cdca', '28597b2e-262e-43cc-888d-310fade0b4ef', 'preparing', '2026-05-20 11:22:44.478853', '8bbf4be6-573d-45dd-8771-70d4a540883e'),
('ce28fb2e-3c6b-413e-9803-f9e019f8689d', '7498414f-135c-4e8e-9765-2937728a6d05', 'out_for_delivery', '2026-05-15 22:12:36.443775', NULL),
('ce4d180a-8579-4dec-b5ee-0a0f7a17d0e3', 'f20e9afa-9119-4fa1-ae06-052e70d41db0', 'out_for_delivery', '2026-05-13 14:20:34.240635', NULL),
('d1b16c32-0a5f-4634-82c5-224fa92c9b74', 'a3cf21a0-24b5-488a-90a8-4a1d3b446d00', 'confirmed', '2026-05-18 20:12:27.675624', NULL),
('d1c85ff5-dff2-4288-89aa-deb0bebfbdd2', '59ba9ec6-be69-41dd-8184-de4e4787863d', 'out_for_delivery', '2026-05-15 22:26:35.87553', '8bbf4be6-573d-45dd-8771-70d4a540883e'),
('d252ac53-320f-4b32-9906-af5250ddec2f', '15a5c3b7-39a9-4143-8f71-267bc833e9dd', 'confirmed', '2026-05-17 13:22:24.142665', NULL),
('d411c37d-8f4e-4295-ac77-885a055ac63a', '0ab62943-893e-419a-8e6e-f29e5fc7dcad', 'confirmed', '2026-05-15 22:17:36.160209', NULL),
('d431a77e-ea5f-4f40-8bc6-6fcc26c952f3', '06a6734e-9dcb-49ff-9fbc-7dd20e6f1f02', 'preparing', '2026-05-17 13:36:46.210256', NULL),
('d4388a32-7bb0-4706-8a09-114514d267ae', '4ee1cfcf-e23b-47e3-aba0-db4760fcb347', 'order_ready', '2026-05-16 20:47:37.894287', '8bbf4be6-573d-45dd-8771-70d4a540883e'),
('d5cbbee8-c754-43ce-8585-26649cceb21c', 'e545a154-2280-4240-8b8b-bde83c4ac2d1', 'confirmed', '2026-05-16 19:49:51.32734', NULL),
('d6512560-6a67-4ae3-a5c3-eb0b66dcdef1', 'f20e9afa-9119-4fa1-ae06-052e70d41db0', 'preparing', '2026-05-13 14:20:32.23028', '8bbf4be6-573d-45dd-8771-70d4a540883e'),
('d714984d-bee4-46a7-bb6d-d90ac2bc0619', '6bfeff23-19ef-4a81-a08c-e9415e54c44e', 'cancelled', '2026-05-19 21:56:59.100413', NULL),
('d7a37e00-2c72-47d2-932c-7838760920c9', '03e07e39-08ce-4907-8be0-4e7b6e0f65fe', 'out_for_delivery', '2026-05-16 13:55:12.017586', NULL),
('d86010c8-6086-4001-887f-dfd8919502ed', '84686d0f-6b15-4dca-9381-35bc1e3f7680', 'preparing', '2026-05-19 21:53:30.024337', '8bbf4be6-573d-45dd-8771-70d4a540883e'),
('d8cc7fbe-6333-461b-b46b-3b55bdcbe039', '55fdf16f-e9e4-493a-bf12-57bd20bb2e5c', 'out_for_delivery', '2026-05-16 19:47:58.774452', NULL),
('d95f501b-ed2e-4b84-8801-5b4ab26908ba', '602676f1-5503-47a3-b51d-8878f3b78e10', 'preparing', '2026-05-18 20:15:04.597846', NULL),
('da0a678a-ad0f-44b2-b185-a8e4352a9b9d', '0ab62943-893e-419a-8e6e-f29e5fc7dcad', 'pending', '2026-05-15 22:16:57.38495', '8bbf4be6-573d-45dd-8771-70d4a540883e'),
('da9f7140-e820-4cf8-8dad-b4712955e9dc', '89c8f5fc-5613-4cf0-8251-47101448593e', 'pending', '2026-05-11 14:56:36.655875', '8bbf4be6-573d-45dd-8771-70d4a540883e'),
('dd03a2b6-456d-49bd-905b-4dabddac9d78', 'ad234822-e1fd-497a-a8f1-76e04ef669cd', 'pending', '2026-05-16 19:25:53.055596', '8bbf4be6-573d-45dd-8771-70d4a540883e'),
('de0ba53f-ed98-467f-8d37-29c90aa43650', '55fdf16f-e9e4-493a-bf12-57bd20bb2e5c', 'preparing', '2026-05-16 19:47:45.640776', NULL),
('de2648ac-d200-4356-be56-2bcb11b12c8e', '84686d0f-6b15-4dca-9381-35bc1e3f7680', 'pending', '2026-05-19 21:53:15.663322', '8bbf4be6-573d-45dd-8771-70d4a540883e'),
('de72e5c8-b698-4de4-969a-6a372059ed4c', '8d1fcb82-51d8-495d-a95f-028560d78e2a', 'preparing', '2026-05-14 18:53:29.877141', NULL),
('df9f8e55-1910-435a-a3ce-6ff2558ec94c', '602676f1-5503-47a3-b51d-8878f3b78e10', 'delivered', '2026-05-18 20:15:15.914856', '8bbf4be6-573d-45dd-8771-70d4a540883e'),
('e12b1db8-ee74-486b-a1ab-fdd8479f0954', '0ab62943-893e-419a-8e6e-f29e5fc7dcad', 'confirmed', '2026-05-15 22:17:36.160209', '8bbf4be6-573d-45dd-8771-70d4a540883e'),
('e1f28a39-a648-4cc4-8e7f-a9564cb1ed02', '8d1fcb82-51d8-495d-a95f-028560d78e2a', 'out_for_delivery', '2026-05-14 18:54:42.692695', NULL),
('e28b82e0-bbc6-4e63-a25c-3ac657bf560a', 'e80bbfe2-cb17-48eb-8cff-5996b31571a3', 'out_for_delivery', '2026-05-19 21:54:46.361719', '8bbf4be6-573d-45dd-8771-70d4a540883e'),
('e474996d-bd53-4cc0-90eb-e66767c010c5', '4ee1cfcf-e23b-47e3-aba0-db4760fcb347', 'confirmed', '2026-05-16 20:47:30.89987', NULL),
('e51ac0c4-9642-4648-8d03-6affcd9ab881', 'af9378ae-04a5-4653-a90b-e949a9f33a1e', 'delivered', '2026-05-17 22:20:10.72405', NULL),
('e5819bf5-e1dd-4162-9fe2-ae726a2474cf', 'e80bbfe2-cb17-48eb-8cff-5996b31571a3', 'confirmed', '2026-05-19 21:54:34.87655', '8bbf4be6-573d-45dd-8771-70d4a540883e'),
('e5a34770-2f30-4b71-ae6f-7aceabfc9722', '7498414f-135c-4e8e-9765-2937728a6d05', 'confirmed', '2026-05-15 22:11:11.783284', NULL),
('e73476e6-1b0b-4c6b-9f00-aa89fd09d6ce', '59ba9ec6-be69-41dd-8184-de4e4787863d', 'delivered', '2026-05-15 22:26:53.502825', '8bbf4be6-573d-45dd-8771-70d4a540883e'),
('e768db8d-a183-4748-8c37-b6bbb6911529', '15a5c3b7-39a9-4143-8f71-267bc833e9dd', 'out_for_delivery', '2026-05-17 13:22:43.463209', NULL),
('e9b494d3-cb39-40bb-bdcb-d8f81c41a92d', '15a5c3b7-39a9-4143-8f71-267bc833e9dd', 'delivered', '2026-05-17 13:22:52.358648', '8bbf4be6-573d-45dd-8771-70d4a540883e'),
('e9e24556-7b40-4dcb-91eb-9849007fb1bc', 'e80bbfe2-cb17-48eb-8cff-5996b31571a3', 'out_for_delivery', '2026-05-19 21:54:46.361719', NULL),
('ea102b03-0618-48e1-8574-6b6c2dd8ae50', '55fdf16f-e9e4-493a-bf12-57bd20bb2e5c', 'delivered', '2026-05-16 19:48:03.44772', NULL),
('ebf4ea95-59cb-4f6f-a02b-585a8e66daa0', '4cea9739-54df-4319-95ce-2aad37af9f6f', 'pending', '2026-05-14 13:29:28.904614', '8bbf4be6-573d-45dd-8771-70d4a540883e'),
('ec281fd0-4624-4827-a440-66018f301233', 'f20e9afa-9119-4fa1-ae06-052e70d41db0', 'confirmed', '2026-05-13 14:20:30.269201', NULL),
('eedb3810-bbce-470b-bd5d-55b27ab7b0db', '6bfeff23-19ef-4a81-a08c-e9415e54c44e', 'cancelled', '2026-05-19 21:56:59.100413', '8bbf4be6-573d-45dd-8771-70d4a540883e'),
('f2f05e34-bf33-4ab5-a550-d9f183ccd336', '3ce3554a-f143-4cce-a2dc-2e5ece4d6fae', 'order_ready', '2026-05-16 19:20:55.272067', '8bbf4be6-573d-45dd-8771-70d4a540883e'),
('f5e1fecc-320e-4204-8e7d-9266553a0412', 'af9378ae-04a5-4653-a90b-e949a9f33a1e', 'pending', '2026-05-17 22:19:33.680598', '8bbf4be6-573d-45dd-8771-70d4a540883e'),
('f62a09c1-a0da-4794-beec-13f33ea00b01', 'af9378ae-04a5-4653-a90b-e949a9f33a1e', 'preparing', '2026-05-17 22:20:03.430862', NULL),
('f65e3e5d-36e3-48df-9e8d-67b7a4f1999a', 'c052458d-8228-47a8-a7fc-4ddf12de641b', 'order_ready', '2026-05-16 20:46:41.550704', '8bbf4be6-573d-45dd-8771-70d4a540883e'),
('f71d4f1b-06b5-49e4-b760-b01ce7360cc9', 'ad234822-e1fd-497a-a8f1-76e04ef669cd', 'order_ready', '2026-05-16 19:30:56.952722', '8bbf4be6-573d-45dd-8771-70d4a540883e'),
('f785ae30-2a82-4dd7-9847-97fb360641a7', '143be751-93de-4e03-ad68-3bb99d4296fe', 'confirmed', '2026-05-18 11:33:32.508169', '8bbf4be6-573d-45dd-8771-70d4a540883e'),
('f88eb3e9-a5e4-4cdd-a7e4-6854be5fe13a', 'd8f873bb-a4b5-437c-a0d0-68a48ee43883', 'confirmed', '2026-05-19 21:52:02.303951', NULL),
('f9aaf5c4-1705-4d24-9576-b70749fa5755', 'ad234822-e1fd-497a-a8f1-76e04ef669cd', 'confirmed', '2026-05-16 19:30:45.081497', '8bbf4be6-573d-45dd-8771-70d4a540883e'),
('fa1fd7f8-e46f-43b2-bc00-1bdf3bc1dc79', '3ce3554a-f143-4cce-a2dc-2e5ece4d6fae', 'confirmed', '2026-05-16 14:28:12.324617', NULL),
('fb80ad32-aa3a-4f0e-aafa-dc334fbebd71', 'c052458d-8228-47a8-a7fc-4ddf12de641b', 'confirmed', '2026-05-16 20:46:39.48623', NULL),
('fc0b335e-758b-4635-8e38-22e02a9a32ef', '0ab62943-893e-419a-8e6e-f29e5fc7dcad', 'cancelled', '2026-05-15 22:17:43.952374', '8bbf4be6-573d-45dd-8771-70d4a540883e'),
('fc26f515-d0f1-4c04-bb3c-8db3230a27ae', '8569062a-5439-436f-b050-1a87bfb84f71', 'cancelled', '2026-05-19 21:55:51.005695', NULL),
('fd034ee0-b5b7-497b-b174-ad63de31bb8f', 'aaa706a6-73ca-495c-8599-47df77dd39a1', 'delivered', '2026-05-18 11:53:09.088759', NULL),
('fe22ec42-a5c6-423a-a68c-8b027ad81a9d', 'e545a154-2280-4240-8b8b-bde83c4ac2d1', 'cancelled', '2026-05-16 19:50:01.783792', NULL),
('ff033942-3254-4d1b-8348-66898f7e8727', '4ee1cfcf-e23b-47e3-aba0-db4760fcb347', 'confirmed', '2026-05-16 20:47:30.89987', '8bbf4be6-573d-45dd-8771-70d4a540883e');

INSERT INTO "public"."users" ("id", "name", "email", "password_hash", "role", "created_at") VALUES
('47f64954-6de6-416a-ac64-7f98944704ab', 'Vendor', 'vendor@gmail.com', '$2b$10$30aI0lWQYs/YyhpCf8vo3eTU3b3neVgr8nWVs0L5Xs5B/55mxG9Ly', 'vendor', '2026-05-04 19:08:27.372578'),
('8bbf4be6-573d-45dd-8771-70d4a540883e', 'Admin', 'admin@gmail.com', '$2b$10$30aI0lWQYs/YyhpCf8vo3eTU3b3neVgr8nWVs0L5Xs5B/55mxG9Ly', 'admin', '2026-05-04 19:08:27.260215');

INSERT INTO "public"."order_items" ("id", "order_id", "product_id", "quantity", "unit_price", "created_at") VALUES
('0036c861-dff2-47e1-885f-1d3427df4327', 'af9378ae-04a5-4653-a90b-e949a9f33a1e', '08335365-53b7-4efc-abc0-1fd6b232edb8', 1, 18.90, '2026-05-17 22:19:33.680598'),
('05564e0d-810d-4d09-8efd-7a4357bed0e7', '8d1fcb82-51d8-495d-a95f-028560d78e2a', '08937208-11f3-447b-99b2-81b226b6b887', 1, 6.00, '2026-05-14 17:17:53.955042'),
('05e1d430-f4df-4d21-9eca-663d8bb5f75c', 'e6878814-1062-48da-8366-719b607a0261', '08937208-11f3-447b-99b2-81b226b6b887', 1, 6.00, '2026-05-14 16:33:26.694435'),
('0c8c7695-b30e-4849-8fa5-d620cee73be4', '28597b2e-262e-43cc-888d-310fade0b4ef', '064d8c8f-1993-402f-a87d-638af1b50d94', 8, 39.90, '2026-05-20 11:22:22.789509'),
('0eb9111f-3219-4d7c-98d1-8988b8d238a9', 'c052458d-8228-47a8-a7fc-4ddf12de641b', '08937208-11f3-447b-99b2-81b226b6b887', 1, 6.00, '2026-05-16 20:46:31.206686'),
('1ab3920a-ddc6-4014-87fc-7240a47f1adb', '602676f1-5503-47a3-b51d-8878f3b78e10', '25189868-d06e-43c5-996d-6be54a312896', 4, 36.90, '2026-05-18 20:14:36.621843'),
('1c3110fa-620b-4870-b329-bf99e93334df', 'e545a154-2280-4240-8b8b-bde83c4ac2d1', '08937208-11f3-447b-99b2-81b226b6b887', 1, 6.00, '2026-05-16 19:49:29.692614'),
('1e3a9baa-1452-4121-b0f3-265e70ca92bf', '0ab62943-893e-419a-8e6e-f29e5fc7dcad', '08335365-53b7-4efc-abc0-1fd6b232edb8', 7, 18.90, '2026-05-15 22:16:57.38495'),
('1e979523-0e9f-4341-89a3-fb33c3b24335', '84686d0f-6b15-4dca-9381-35bc1e3f7680', '25189868-d06e-43c5-996d-6be54a312896', 10, 36.90, '2026-05-19 21:53:15.663322'),
('220ee1f3-9614-4b9c-a853-0283208dd2e4', '06a6734e-9dcb-49ff-9fbc-7dd20e6f1f02', '25189868-d06e-43c5-996d-6be54a312896', 5, 36.90, '2026-05-17 13:29:21.299363'),
('22541c92-b682-42c0-804d-2155774bbc4c', '3ce3554a-f143-4cce-a2dc-2e5ece4d6fae', '318dba34-2de2-4eab-acec-9b6998c5a459', 1, 17.90, '2026-05-16 14:28:02.415592'),
('315d219e-0f0a-49c6-9d2d-06085877c6e2', 'd8f873bb-a4b5-437c-a0d0-68a48ee43883', '7ccde791-d9c0-4271-9331-d21e92a9993d', 1, 34.90, '2026-05-19 21:50:56.077031'),
('3562a6cd-203d-4aab-a672-cd1dac6bbcc9', '4ee1cfcf-e23b-47e3-aba0-db4760fcb347', 'cce96684-961d-4fd7-a3ef-8c7bd268ab74', 4, 16.50, '2026-05-16 20:47:28.39469'),
('3624dd43-a2d7-4efc-a4b0-eb7c8fcabd37', '06a6734e-9dcb-49ff-9fbc-7dd20e6f1f02', '08937208-11f3-447b-99b2-81b226b6b887', 1, 6.00, '2026-05-17 13:29:21.299363'),
('366770ad-cfa1-463a-95be-c3fa1a82abd5', '59ba9ec6-be69-41dd-8184-de4e4787863d', '12156e69-3804-4571-85b9-4a0689b8e53c', 1, 89.90, '2026-05-15 22:19:04.361297'),
('3c902592-f113-4e84-be0b-b5413bcfc354', 'ad234822-e1fd-497a-a8f1-76e04ef669cd', '12156e69-3804-4571-85b9-4a0689b8e53c', 1, 89.90, '2026-05-16 19:25:53.055596'),
('41b604af-e724-49ff-a96a-8cb1b32a39ce', '3fd6f469-34bc-4258-8bcf-1631428f0478', '7ccde791-d9c0-4271-9331-d21e92a9993d', 1, 34.90, '2026-05-14 14:15:17.656302'),
('4337478e-12e2-4d3f-a2c8-d1499ba076a6', 'a3cf21a0-24b5-488a-90a8-4a1d3b446d00', 'e83fc5bb-6afc-4f6d-85ed-99656474746a', 3, 31.90, '2026-05-18 20:12:06.993507'),
('4600fb31-6723-4230-b834-2f55c29ae371', 'a3cf21a0-24b5-488a-90a8-4a1d3b446d00', '1d8db7a9-fd62-40c4-9e1b-caec860ff957', 5, 28.90, '2026-05-18 20:12:06.993507'),
('46ea8a43-94d1-418d-8ba5-62705a69592d', 'af9378ae-04a5-4653-a90b-e949a9f33a1e', '08937208-11f3-447b-99b2-81b226b6b887', 1, 6.00, '2026-05-17 22:19:33.680598'),
('4f87e08c-ebaf-4c90-ac5a-e02b32a676db', '7498414f-135c-4e8e-9765-2937728a6d05', '070f8d03-81d5-499d-85f9-84cb4dcb95c3', 4, 14.00, '2026-05-15 22:08:55.357816'),
('5ef85124-4855-4aff-ab1f-cadf0bb1a01f', '89c8f5fc-5613-4cf0-8251-47101448593e', '064d8c8f-1993-402f-a87d-638af1b50d94', 1, 39.90, '2026-05-11 14:56:36.655875'),
('67ca4d74-dd1e-49f6-9a59-273d9db922d8', 'd8f873bb-a4b5-437c-a0d0-68a48ee43883', 'be3106a3-9554-4ef8-a456-529716927db6', 1, 26.90, '2026-05-19 21:50:56.077031'),
('6c09ac60-e508-4f2c-86eb-88aaac7e9397', 'd8f873bb-a4b5-437c-a0d0-68a48ee43883', 'cce96684-961d-4fd7-a3ef-8c7bd268ab74', 1, 16.50, '2026-05-19 21:50:56.077031'),
('6c119aa4-aa3a-4f9d-9213-f116c4b0a362', '15a5c3b7-39a9-4143-8f71-267bc833e9dd', '5aa4ab84-e89f-4a2f-8d08-4760a033a982', 1, 19.90, '2026-05-17 13:21:55.671748'),
('6ff7c5de-1c90-4848-89cf-c21d32f5b904', 'ad234822-e1fd-497a-a8f1-76e04ef669cd', '5aa4ab84-e89f-4a2f-8d08-4760a033a982', 1, 19.90, '2026-05-16 19:25:53.055596'),
('71568b16-1ec6-4d92-9180-4dc57118825f', 'ad234822-e1fd-497a-a8f1-76e04ef669cd', '57595bc2-8dbc-4a2d-8d35-f24e641c294e', 8, 27.50, '2026-05-16 19:25:53.055596'),
('74d0f56c-01e8-4ef8-be73-c62a63f5a541', '4cea9739-54df-4319-95ce-2aad37af9f6f', '08937208-11f3-447b-99b2-81b226b6b887', 1, 6.00, '2026-05-14 13:29:28.904614'),
('7ef244fb-614c-4576-ad24-060370c5736a', 'c052458d-8228-47a8-a7fc-4ddf12de641b', '7ccde791-d9c0-4271-9331-d21e92a9993d', 8, 34.90, '2026-05-16 20:46:31.206686'),
('807964b5-17cd-48de-93d5-146b20f6fe09', '06a6734e-9dcb-49ff-9fbc-7dd20e6f1f02', 'cce96684-961d-4fd7-a3ef-8c7bd268ab74', 1, 16.50, '2026-05-17 13:29:21.299363'),
('80ed6842-f155-470c-9877-34109d76031a', '2cab400a-87f2-4d4a-9fc0-ed4a7abb88b6', '08937208-11f3-447b-99b2-81b226b6b887', 1, 6.00, '2026-05-16 19:33:18.016037'),
('8383b9f5-b0dc-4666-9924-0f551907d763', '55fdf16f-e9e4-493a-bf12-57bd20bb2e5c', 'be3106a3-9554-4ef8-a456-529716927db6', 1, 26.90, '2026-05-16 19:41:58.367941'),
('8829bd84-7327-49bb-bbf6-938179f28099', '4ee1cfcf-e23b-47e3-aba0-db4760fcb347', '2f264c8b-46a6-4930-91ac-bff23982972e', 1, 18.90, '2026-05-16 20:47:28.39469'),
('88dde525-9e62-4b4f-8916-0b1e95935b30', 'ad234822-e1fd-497a-a8f1-76e04ef669cd', 'e83fc5bb-6afc-4f6d-85ed-99656474746a', 5, 31.90, '2026-05-16 19:25:53.055596'),
('89832215-f6fa-45ee-a73a-b8a3fb661617', '8998ec65-e4b3-4e9b-b8a9-62860341d9da', '1d8db7a9-fd62-40c4-9e1b-caec860ff957', 1, 28.90, '2026-05-17 13:24:19.641389'),
('8e08cb8e-9b49-463c-bf84-0e0478f1af8b', '7498414f-135c-4e8e-9765-2937728a6d05', '25189868-d06e-43c5-996d-6be54a312896', 1, 36.90, '2026-05-15 22:08:55.357816'),
('8e225a69-896a-4661-8195-7a958f4a7be4', 'aaa706a6-73ca-495c-8599-47df77dd39a1', '318dba34-2de2-4eab-acec-9b6998c5a459', 1, 17.90, '2026-05-18 11:52:17.943707'),
('9988a039-373a-42f2-b1b7-c16acd50c854', '8d1fcb82-51d8-495d-a95f-028560d78e2a', 'cce96684-961d-4fd7-a3ef-8c7bd268ab74', 2, 16.50, '2026-05-14 17:17:53.955042'),
('9f9f3173-c021-4802-b579-2ade661cc4da', '4cea9739-54df-4319-95ce-2aad37af9f6f', '25189868-d06e-43c5-996d-6be54a312896', 4, 36.90, '2026-05-14 13:29:28.904614'),
('a75b138a-4379-403d-98d3-7a229018e790', 'c9231d19-e741-4f48-98c8-178ca8b4203e', '08937208-11f3-447b-99b2-81b226b6b887', 1, 6.00, '2026-05-17 13:37:45.918309'),
('aebf6264-e0bb-49aa-9c1e-f7a6377fe29e', 'a3cf21a0-24b5-488a-90a8-4a1d3b446d00', '08335365-53b7-4efc-abc0-1fd6b232edb8', 1, 18.90, '2026-05-18 20:12:06.993507'),
('aee7aaef-0590-41ae-b75e-23143f18fdb0', 'af9378ae-04a5-4653-a90b-e949a9f33a1e', '064d8c8f-1993-402f-a87d-638af1b50d94', 1, 39.90, '2026-05-17 22:19:33.680598'),
('b5d1b55a-3f91-499f-9848-92f509877b12', 'a3cf21a0-24b5-488a-90a8-4a1d3b446d00', '08937208-11f3-447b-99b2-81b226b6b887', 1, 6.00, '2026-05-18 20:12:06.993507'),
('bb949d92-a61b-4faf-8933-d22a785603b6', '2cab400a-87f2-4d4a-9fc0-ed4a7abb88b6', 'e83fc5bb-6afc-4f6d-85ed-99656474746a', 1, 31.90, '2026-05-16 19:33:18.016037'),
('bffd6170-0c71-476c-840d-e1307bf4c7c2', '602676f1-5503-47a3-b51d-8878f3b78e10', '08937208-11f3-447b-99b2-81b226b6b887', 1, 6.00, '2026-05-18 20:14:36.621843'),
('c20a8dd3-d743-4ab4-98f6-5a3859cd875a', '7498414f-135c-4e8e-9765-2937728a6d05', '08937208-11f3-447b-99b2-81b226b6b887', 1, 6.00, '2026-05-15 22:08:55.357816'),
('c315ffb7-8081-4e7c-a40a-edb4ba9c4986', '6bfeff23-19ef-4a81-a08c-e9415e54c44e', '7ccde791-d9c0-4271-9331-d21e92a9993d', 9, 34.90, '2026-05-19 21:56:49.499648'),
('c4d22a30-b919-46f0-bc93-2f322494153f', '03e07e39-08ce-4907-8be0-4e7b6e0f65fe', 'cce96684-961d-4fd7-a3ef-8c7bd268ab74', 1, 16.50, '2026-05-16 13:54:31.551261'),
('c4d40056-a510-4fab-9702-767d8a006f06', 'e6878814-1062-48da-8366-719b607a0261', '25189868-d06e-43c5-996d-6be54a312896', 1, 36.90, '2026-05-14 16:33:26.694435'),
('c6ba33d6-79df-4114-830a-66c41bb84f51', '0ab62943-893e-419a-8e6e-f29e5fc7dcad', 'cce96684-961d-4fd7-a3ef-8c7bd268ab74', 6, 16.50, '2026-05-15 22:16:57.38495'),
('cb585cd2-b418-43ce-bf05-a44d232aa2e7', 'c052458d-8228-47a8-a7fc-4ddf12de641b', '12156e69-3804-4571-85b9-4a0689b8e53c', 1, 89.90, '2026-05-16 20:46:31.206686'),
('cf2b4d21-8449-4863-aa16-646f5c272113', '4bb26973-c47f-42c6-b188-1a0c98a5f94a', '08937208-11f3-447b-99b2-81b226b6b887', 1, 6.00, '2026-05-17 13:27:28.368284'),
('d29a8f21-548a-42cc-af6f-41f7a3145523', '8569062a-5439-436f-b050-1a87bfb84f71', '25189868-d06e-43c5-996d-6be54a312896', 1, 36.90, '2026-05-19 21:55:42.792004'),
('dba7a829-7260-4e76-ad7a-0325cd1ff8bd', '55fdf16f-e9e4-493a-bf12-57bd20bb2e5c', '7ccde791-d9c0-4271-9331-d21e92a9993d', 4, 34.90, '2026-05-16 19:41:58.367941'),
('dcdeec41-2301-4387-b9a2-fd79ee915b97', '5443a986-62c5-40d0-a72d-45dc06eb98a4', 'be3106a3-9554-4ef8-a456-529716927db6', 1, 26.90, '2026-05-13 21:01:30.776664'),
('e19d16a8-058d-45c2-aa93-8307f881082e', '602676f1-5503-47a3-b51d-8878f3b78e10', '5aa4ab84-e89f-4a2f-8d08-4760a033a982', 1, 19.90, '2026-05-18 20:14:36.621843'),
('eae1eb88-dfdf-41e1-b6c3-b87f50f0f624', 'e6878814-1062-48da-8366-719b607a0261', 'e83fc5bb-6afc-4f6d-85ed-99656474746a', 4, 31.90, '2026-05-14 16:33:26.694435'),
('ef857997-0b91-40ac-87f7-cab96de50cf7', '143be751-93de-4e03-ad68-3bb99d4296fe', '7ccde791-d9c0-4271-9331-d21e92a9993d', 1, 34.90, '2026-05-18 11:33:03.900979'),
('efc79291-e322-459f-ad95-d4a3e8ec35c3', 'e80bbfe2-cb17-48eb-8cff-5996b31571a3', 'e83fc5bb-6afc-4f6d-85ed-99656474746a', 6, 31.90, '2026-05-19 21:54:31.114935'),
('f50708e8-022b-4c90-b225-c70d985018d5', '8d1fcb82-51d8-495d-a95f-028560d78e2a', '25189868-d06e-43c5-996d-6be54a312896', 4, 36.90, '2026-05-14 17:17:53.955042'),
('f5865c8e-51e6-490e-8669-033eb702c2b0', '4ee1cfcf-e23b-47e3-aba0-db4760fcb347', '7ccde791-d9c0-4271-9331-d21e92a9993d', 5, 34.90, '2026-05-16 20:47:28.39469'),
('f64c4ca5-dc07-431e-90c4-4801913fce9e', 'f20e9afa-9119-4fa1-ae06-052e70d41db0', '25189868-d06e-43c5-996d-6be54a312896', 1, 36.90, '2026-05-13 14:20:13.637063'),
('ff31eb5b-46ac-482f-bf47-2ae488550226', '3fd6f469-34bc-4258-8bcf-1631428f0478', '08937208-11f3-447b-99b2-81b226b6b887', 1, 6.00, '2026-05-14 14:15:17.656302');

;
;
;


-- Reference data restored from local DB (missing from original export)
INSERT INTO "public"."restaurants" ("id", "name", "created_at", "description") VALUES
('5b38ea02-dd73-40e4-8004-8aa7d5f87be4', 'Smash Point', '2026-05-06T15:47:20.777Z', 'Burgers estilo smash');

INSERT INTO "public"."products" ("id", "restaurant_id", "name", "price", "created_at", "description") VALUES
('1d8db7a9-fd62-40c4-9e1b-caec860ff957', '5b38ea02-dd73-40e4-8004-8aa7d5f87be4', 'X-Burger', '28.90', '2026-05-06T16:32:08.176Z', 'Cheddar e bacon'),
('070f8d03-81d5-499d-85f9-84cb4dcb95c3', '5b38ea02-dd73-40e4-8004-8aa7d5f87be4', 'Batata frita', '14.00', '2026-05-06T16:32:08.176Z', 'Porção média'),
('cce96684-961d-4fd7-a3ef-8c7bd268ab74', '5b38ea02-dd73-40e4-8004-8aa7d5f87be4', 'Onion Rings', '16.50', '2026-05-06T16:32:08.176Z', 'Anéis de cebola empanados'),
('064d8c8f-1993-402f-a87d-638af1b50d94', '5b38ea02-dd73-40e4-8004-8aa7d5f87be4', 'Combo Duplo', '39.90', '2026-05-06T16:32:08.176Z', 'Burger + fritas + refri'),
('08937208-11f3-447b-99b2-81b226b6b887', '5b38ea02-dd73-40e4-8004-8aa7d5f87be4', 'Refrigerante', '6.00', '2026-05-06T16:32:08.176Z', 'Lata 350ml'),
('be3106a3-9554-4ef8-a456-529716927db6', '5b38ea02-dd73-40e4-8004-8aa7d5f87be4', 'X-Salada', '26.90', '2026-05-13T17:18:19.436Z', 'Hambúrguer com alface, tomate e queijo'),
('e83fc5bb-6afc-4f6d-85ed-99656474746a', '5b38ea02-dd73-40e4-8004-8aa7d5f87be4', 'X-Bacon', '31.90', '2026-05-13T17:18:19.436Z', 'Burger com cheddar e bacon crocante'),
('7ccde791-d9c0-4271-9331-d21e92a9993d', '5b38ea02-dd73-40e4-8004-8aa7d5f87be4', 'Smash Duplo', '34.90', '2026-05-13T17:18:19.436Z', 'Dois burgers com queijo'),
('57595bc2-8dbc-4a2d-8d35-f24e641c294e', '5b38ea02-dd73-40e4-8004-8aa7d5f87be4', 'Chicken Crispy', '27.50', '2026-05-13T17:18:19.436Z', 'Frango empanado e maionese especial'),
('5aa4ab84-e89f-4a2f-8d08-4760a033a982', '5b38ea02-dd73-40e4-8004-8aa7d5f87be4', 'Batata com Cheddar', '19.90', '2026-05-13T17:18:19.436Z', 'Batata frita com cheddar e bacon'),
('318dba34-2de2-4eab-acec-9b6998c5a459', '5b38ea02-dd73-40e4-8004-8aa7d5f87be4', 'Nuggets', '17.90', '2026-05-13T17:18:19.436Z', '8 unidades crocantes'),
('08335365-53b7-4efc-abc0-1fd6b232edb8', '5b38ea02-dd73-40e4-8004-8aa7d5f87be4', 'Milkshake Chocolate', '18.90', '2026-05-13T17:18:19.436Z', '400ml cremoso'),
('2f264c8b-46a6-4930-91ac-bff23982972e', '5b38ea02-dd73-40e4-8004-8aa7d5f87be4', 'Milkshake Morango', '18.90', '2026-05-13T17:18:19.436Z', '400ml sabor morango'),
('25189868-d06e-43c5-996d-6be54a312896', '5b38ea02-dd73-40e4-8004-8aa7d5f87be4', 'X-Havaí Bacon', '36.90', '2026-05-13T17:18:19.436Z', 'Blend bovino 180g, cheddar, bacon crocante, abacaxi caramelizado e maionese defumada'),
('12156e69-3804-4571-85b9-4a0689b8e53c', '5b38ea02-dd73-40e4-8004-8aa7d5f87be4', 'Combo Família', '89.90', '2026-05-13T17:18:19.436Z', '4 burgers + 2 fritas + 4 refri');

INSERT INTO "public"."payment_methods" ("id", "name") VALUES
('pix', 'PIX'),
('dinheiro', 'Dinheiro'),
('credito', 'Crédito'),
('debito', 'Débito');


ALTER TABLE "public"."orders" ADD FOREIGN KEY ("restaurant_id") REFERENCES "public"."restaurants"("id");
ALTER TABLE "public"."orders" ADD FOREIGN KEY ("user_id") REFERENCES "public"."users"("id");
ALTER TABLE "public"."orders" ADD FOREIGN KEY ("payment_method") REFERENCES "public"."payment_methods"("id");


-- Indices
CREATE INDEX idx_orders_status ON public.orders USING btree (status);
CREATE INDEX idx_orders_user_id ON public.orders USING btree (user_id);
ALTER TABLE "public"."order_status_history" ADD FOREIGN KEY ("order_id") REFERENCES "public"."orders"("id") ON DELETE CASCADE;
ALTER TABLE "public"."order_status_history" ADD FOREIGN KEY ("changed_by") REFERENCES "public"."users"("id");


-- Indices
CREATE UNIQUE INDEX users_email_key ON public.users USING btree (email);
ALTER TABLE "public"."order_items" ADD FOREIGN KEY ("product_id") REFERENCES "public"."products"("id");
ALTER TABLE "public"."order_items" ADD FOREIGN KEY ("order_id") REFERENCES "public"."orders"("id") ON DELETE CASCADE;


-- Indices
CREATE INDEX idx_order_items_order_id ON public.order_items USING btree (order_id);
ALTER TABLE "public"."products" ADD FOREIGN KEY ("restaurant_id") REFERENCES "public"."restaurants"("id") ON DELETE CASCADE;


-- Indices
CREATE INDEX idx_products_restaurant ON public.products USING btree (restaurant_id);
